2026-08-03 20:26:41,370 - resumatch-ai.ai_service - INFO - [ai_service.py:21] - AIService initialized with NVIDIA NIM Pipeline Engine and Tiered Fallback
2026-08-03 20:26:41,802 - resumatch-api.auth - INFO - [auth_service.py:40] - Auth service initialized (direct REST API mode)
2026-08-03 20:26:42,275 - resumatch-api.tracing - INFO - [tracing.py:24] - Initializing OpenTelemetry Tracer for service 'backend' sending to 'http://jaeger-service.resumatch-ai.svc.cluster.local:4318/v1/traces'
2026-08-03 20:26:42,275 - resumatch-api.tracing - INFO - [tracing.py:37] - OpenTelemetry FastAPI instrumentation applied successfully.
2026-08-03 20:26:42,275 - resumatch-api.tracing - INFO - [tracing.py:43] - OpenTelemetry HTTPX client instrumentation applied.
2026-08-03 20:26:42,290 - resumatch-api.tracing - INFO - [tracing.py:50] - OpenTelemetry Requests client instrumentation applied.
2026-08-03 20:26:42,290 - resumatch-api.tracing - INFO - [tracing.py:57] - OpenTelemetry URLLib3 client instrumentation applied.
INFO:     Started server process [13148]
INFO:     Waiting for application startup.
2026-08-03 20:26:42,341 - apscheduler.scheduler - INFO - [base.py:181] - Scheduler started
2026-08-03 20:26:42,341 - resumatch-api - INFO - [main.py:67] - Background scheduler started.
2026-08-03 20:26:42,341 - resumatch-api - INFO - [main.py:71] - Backend started. Automatic Knowledge Base seeding is DISABLED.
INFO:     Application startup complete.
INFO:     Uvicorn running on http://0.0.0.0:8000 (Press CTRL+C to quit)
2026-08-03 20:29:02,504 - opentelemetry.sdk.trace.export - ERROR - [__init__.py:369] - Exception while exporting Span batch.
Traceback (most recent call last):
  File "C:\Users\acer\Downloads\Resume-AI-1\backend\.venv\Lib\site-packages\urllib3\connection.py", line 204, in _new_conn
    sock = connection.create_connection(
           ^^^^^^^^^^^^^^^^^^^^^^^^^^^^^
  File "C:\Users\acer\Downloads\Resume-AI-1\backend\.venv\Lib\site-packages\urllib3\util\connection.py", line 60, in create_connection
    for res in socket.getaddrinfo(host, port, family, socket.SOCK_STREAM):
               ^^^^^^^^^^^^^^^^^^^^^^^^^^^^^^^^^^^^^^^^^^^^^^^^^^^^^^^^^^
  File "C:\Python312\Lib\socket.py", line 963, in getaddrinfo
    for res in _socket.getaddrinfo(host, port, family, type, proto, flags):
               ^^^^^^^^^^^^^^^^^^^^^^^^^^^^^^^^^^^^^^^^^^^^^^^^^^^^^^^^^^^
socket.gaierror: [Errno 11001] getaddrinfo failed

The above exception was the direct cause of the following exception:

Traceback (most recent call last):
  File "C:\Users\acer\Downloads\Resume-AI-1\backend\.venv\Lib\site-packages\urllib3\connectionpool.py", line 788, in urlopen
    response = self._make_request(
               ^^^^^^^^^^^^^^^^^^^
  File "C:\Users\acer\Downloads\Resume-AI-1\backend\.venv\Lib\site-packages\urllib3\connectionpool.py", line 493, in _make_request
    conn.request(
  File "C:\Users\acer\Downloads\Resume-AI-1\backend\.venv\Lib\site-packages\urllib3\connection.py", line 500, in request
    self.endheaders()
  File "C:\Python312\Lib\http\client.py", line 1314, in endheaders
    self._send_output(message_body, encode_chunked=encode_chunked)
  File "C:\Python312\Lib\http\client.py", line 1074, in _send_output
    self.send(msg)
  File "C:\Python312\Lib\http\client.py", line 1018, in send
    self.connect()
  File "C:\Users\acer\Downloads\Resume-AI-1\backend\.venv\Lib\site-packages\urllib3\connection.py", line 331, in connect
    self.sock = self._new_conn()
                ^^^^^^^^^^^^^^^^
  File "C:\Users\acer\Downloads\Resume-AI-1\backend\.venv\Lib\site-packages\urllib3\connection.py", line 211, in _new_conn
    raise NameResolutionError(self.host, self, e) from e
urllib3.exceptions.NameResolutionError: HTTPConnection(host='jaeger-service.resumatch-ai.svc.cluster.local', port=4318): Failed to resolve 'jaeger-service.resumatch-ai.svc.cluster.local' ([Errno 11001] getaddrinfo failed)

The above exception was the direct cause of the following exception:

Traceback (most recent call last):
  File "C:\Users\acer\Downloads\Resume-AI-1\backend\.venv\Lib\site-packages\requests\adapters.py", line 696, in send
    resp = conn.urlopen(
           ^^^^^^^^^^^^^
  File "C:\Users\acer\Downloads\Resume-AI-1\backend\.venv\Lib\site-packages\opentelemetry\instrumentation\urllib3\__init__.py", line 226, in instrumented_urlopen
    return wrapped(*args, **kwargs)
           ^^^^^^^^^^^^^^^^^^^^^^^^
  File "C:\Users\acer\Downloads\Resume-AI-1\backend\.venv\Lib\site-packages\urllib3\connectionpool.py", line 842, in urlopen
    retries = retries.increment(
              ^^^^^^^^^^^^^^^^^^
  File "C:\Users\acer\Downloads\Resume-AI-1\backend\.venv\Lib\site-packages\urllib3\util\retry.py", line 543, in increment
    raise MaxRetryError(_pool, url, reason) from reason  # type: ignore[arg-type]
    ^^^^^^^^^^^^^^^^^^^^^^^^^^^^^^^^^^^^^^^^^^^^^^^^^^^
urllib3.exceptions.MaxRetryError: HTTPConnectionPool(host='jaeger-service.resumatch-ai.svc.cluster.local', port=4318): Max retries exceeded with url: /v1/traces (Caused by NameResolutionError("HTTPConnection(host='jaeger-service.resumatch-ai.svc.cluster.local', port=4318): Failed to resolve 'jaeger-service.resumatch-ai.svc.cluster.local' ([Errno 11001] getaddrinfo failed)"))

During handling of the above exception, another exception occurred:

Traceback (most recent call last):
  File "C:\Users\acer\Downloads\Resume-AI-1\backend\.venv\Lib\site-packages\opentelemetry\sdk\trace\export\__init__.py", line 367, in _export_batch
    self.span_exporter.export(self.spans_list[:idx])  # type: ignore
    ^^^^^^^^^^^^^^^^^^^^^^^^^^^^^^^^^^^^^^^^^^^^^^^^
  File "C:\Users\acer\Downloads\Resume-AI-1\backend\.venv\Lib\site-packages\opentelemetry\exporter\otlp\proto\http\trace_exporter\__init__.py", line 169, in export
    return self._export_serialized_spans(serialized_data)
           ^^^^^^^^^^^^^^^^^^^^^^^^^^^^^^^^^^^^^^^^^^^^^^
  File "C:\Users\acer\Downloads\Resume-AI-1\backend\.venv\Lib\site-packages\opentelemetry\exporter\otlp\proto\http\trace_exporter\__init__.py", line 139, in _export_serialized_spans
    resp = self._export(serialized_data)
           ^^^^^^^^^^^^^^^^^^^^^^^^^^^^^
  File "C:\Users\acer\Downloads\Resume-AI-1\backend\.venv\Lib\site-packages\opentelemetry\exporter\otlp\proto\http\trace_exporter\__init__.py", line 114, in _export
    return self._session.post(
           ^^^^^^^^^^^^^^^^^^^
  File "C:\Users\acer\Downloads\Resume-AI-1\backend\.venv\Lib\site-packages\requests\sessions.py", line 712, in post
    return self.request("POST", url, data=data, json=json, **kwargs)
           ^^^^^^^^^^^^^^^^^^^^^^^^^^^^^^^^^^^^^^^^^^^^^^^^^^^^^^^^^
  File "C:\Users\acer\Downloads\Resume-AI-1\backend\.venv\Lib\site-packages\requests\sessions.py", line 651, in request
    resp = self.send(prep, **send_kwargs)
           ^^^^^^^^^^^^^^^^^^^^^^^^^^^^^^
  File "C:\Users\acer\Downloads\Resume-AI-1\backend\.venv\Lib\site-packages\opentelemetry\instrumentation\requests\__init__.py", line 152, in instrumented_send
    return wrapped_send(self, request, **kwargs)
           ^^^^^^^^^^^^^^^^^^^^^^^^^^^^^^^^^^^^^
  File "C:\Users\acer\Downloads\Resume-AI-1\backend\.venv\Lib\site-packages\requests\sessions.py", line 784, in send
    r = adapter.send(request, **kwargs)
        ^^^^^^^^^^^^^^^^^^^^^^^^^^^^^^^
  File "C:\Users\acer\Downloads\Resume-AI-1\backend\.venv\Lib\site-packages\requests\adapters.py", line 729, in send
    raise ConnectionError(e, request=request)
requests.exceptions.ConnectionError: HTTPConnectionPool(host='jaeger-service.resumatch-ai.svc.cluster.local', port=4318): Max retries exceeded with url: /v1/traces (Caused by NameResolutionError("HTTPConnection(host='jaeger-service.resumatch-ai.svc.cluster.local', port=4318): Failed to resolve 'jaeger-service.resumatch-ai.svc.cluster.local' ([Errno 11001] getaddrinfo failed)"))
2026-08-03 20:40:36,715 - httpx - INFO - [_client.py:1740] - HTTP Request: GET https://fukxrsqmulucvfvowcou.supabase.co/auth/v1/user "HTTP/1.1 200 OK"
2026-08-03 20:40:37,680 - httpx - INFO - [_client.py:1740] - HTTP Request: GET https://fukxrsqmulucvfvowcou.supabase.co/auth/v1/user "HTTP/1.1 200 OK"
2026-08-03 20:40:38,515 - opentelemetry.sdk.trace.export - ERROR - [__init__.py:369] - Exception while exporting Span batch.
Traceback (most recent call last):
  File "C:\Users\acer\Downloads\Resume-AI-1\backend\.venv\Lib\site-packages\urllib3\connection.py", line 204, in _new_conn
    sock = connection.create_connection(
           ^^^^^^^^^^^^^^^^^^^^^^^^^^^^^
  File "C:\Users\acer\Downloads\Resume-AI-1\backend\.venv\Lib\site-packages\urllib3\util\connection.py", line 60, in create_connection
    for res in socket.getaddrinfo(host, port, family, socket.SOCK_STREAM):
               ^^^^^^^^^^^^^^^^^^^^^^^^^^^^^^^^^^^^^^^^^^^^^^^^^^^^^^^^^^
  File "C:\Python312\Lib\socket.py", line 963, in getaddrinfo
    for res in _socket.getaddrinfo(host, port, family, type, proto, flags):
               ^^^^^^^^^^^^^^^^^^^^^^^^^^^^^^^^^^^^^^^^^^^^^^^^^^^^^^^^^^^
socket.gaierror: [Errno 11001] getaddrinfo failed

The above exception was the direct cause of the following exception:

Traceback (most recent call last):
  File "C:\Users\acer\Downloads\Resume-AI-1\backend\.venv\Lib\site-packages\urllib3\connectionpool.py", line 788, in urlopen
    response = self._make_request(
               ^^^^^^^^^^^^^^^^^^^
  File "C:\Users\acer\Downloads\Resume-AI-1\backend\.venv\Lib\site-packages\urllib3\connectionpool.py", line 493, in _make_request
    conn.request(
  File "C:\Users\acer\Downloads\Resume-AI-1\backend\.venv\Lib\site-packages\urllib3\connection.py", line 500, in request
    self.endheaders()
  File "C:\Python312\Lib\http\client.py", line 1314, in endheaders
    self._send_output(message_body, encode_chunked=encode_chunked)
  File "C:\Python312\Lib\http\client.py", line 1074, in _send_output
    self.send(msg)
  File "C:\Python312\Lib\http\client.py", line 1018, in send
    self.connect()
  File "C:\Users\acer\Downloads\Resume-AI-1\backend\.venv\Lib\site-packages\urllib3\connection.py", line 331, in connect
    self.sock = self._new_conn()
                ^^^^^^^^^^^^^^^^
  File "C:\Users\acer\Downloads\Resume-AI-1\backend\.venv\Lib\site-packages\urllib3\connection.py", line 211, in _new_conn
    raise NameResolutionError(self.host, self, e) from e
urllib3.exceptions.NameResolutionError: HTTPConnection(host='jaeger-service.resumatch-ai.svc.cluster.local', port=4318): Failed to resolve 'jaeger-service.resumatch-ai.svc.cluster.local' ([Errno 11001] getaddrinfo failed)

The above exception was the direct cause of the following exception:

Traceback (most recent call last):
  File "C:\Users\acer\Downloads\Resume-AI-1\backend\.venv\Lib\site-packages\requests\adapters.py", line 696, in send
    resp = conn.urlopen(
           ^^^^^^^^^^^^^
  File "C:\Users\acer\Downloads\Resume-AI-1\backend\.venv\Lib\site-packages\opentelemetry\instrumentation\urllib3\__init__.py", line 226, in instrumented_urlopen
    return wrapped(*args, **kwargs)
           ^^^^^^^^^^^^^^^^^^^^^^^^
  File "C:\Users\acer\Downloads\Resume-AI-1\backend\.venv\Lib\site-packages\urllib3\connectionpool.py", line 842, in urlopen
    retries = retries.increment(
              ^^^^^^^^^^^^^^^^^^
  File "C:\Users\acer\Downloads\Resume-AI-1\backend\.venv\Lib\site-packages\urllib3\util\retry.py", line 543, in increment
    raise MaxRetryError(_pool, url, reason) from reason  # type: ignore[arg-type]
    ^^^^^^^^^^^^^^^^^^^^^^^^^^^^^^^^^^^^^^^^^^^^^^^^^^^
urllib3.exceptions.MaxRetryError: HTTPConnectionPool(host='jaeger-service.resumatch-ai.svc.cluster.local', port=4318): Max retries exceeded with url: /v1/traces (Caused by NameResolutionError("HTTPConnection(host='jaeger-service.resumatch-ai.svc.cluster.local', port=4318): Failed to resolve 'jaeger-service.resumatch-ai.svc.cluster.local' ([Errno 11001] getaddrinfo failed)"))

During handling of the above exception, another exception occurred:

Traceback (most recent call last):
  File "C:\Users\acer\Downloads\Resume-AI-1\backend\.venv\Lib\site-packages\opentelemetry\sdk\trace\export\__init__.py", line 367, in _export_batch
    self.span_exporter.export(self.spans_list[:idx])  # type: ignore
    ^^^^^^^^^^^^^^^^^^^^^^^^^^^^^^^^^^^^^^^^^^^^^^^^
  File "C:\Users\acer\Downloads\Resume-AI-1\backend\.venv\Lib\site-packages\opentelemetry\exporter\otlp\proto\http\trace_exporter\__init__.py", line 169, in export
    return self._export_serialized_spans(serialized_data)
           ^^^^^^^^^^^^^^^^^^^^^^^^^^^^^^^^^^^^^^^^^^^^^^
  File "C:\Users\acer\Downloads\Resume-AI-1\backend\.venv\Lib\site-packages\opentelemetry\exporter\otlp\proto\http\trace_exporter\__init__.py", line 139, in _export_serialized_spans
    resp = self._export(serialized_data)
           ^^^^^^^^^^^^^^^^^^^^^^^^^^^^^
  File "C:\Users\acer\Downloads\Resume-AI-1\backend\.venv\Lib\site-packages\opentelemetry\exporter\otlp\proto\http\trace_exporter\__init__.py", line 114, in _export
    return self._session.post(
           ^^^^^^^^^^^^^^^^^^^
  File "C:\Users\acer\Downloads\Resume-AI-1\backend\.venv\Lib\site-packages\requests\sessions.py", line 712, in post
    return self.request("POST", url, data=data, json=json, **kwargs)
           ^^^^^^^^^^^^^^^^^^^^^^^^^^^^^^^^^^^^^^^^^^^^^^^^^^^^^^^^^
  File "C:\Users\acer\Downloads\Resume-AI-1\backend\.venv\Lib\site-packages\requests\sessions.py", line 651, in request
    resp = self.send(prep, **send_kwargs)
           ^^^^^^^^^^^^^^^^^^^^^^^^^^^^^^
  File "C:\Users\acer\Downloads\Resume-AI-1\backend\.venv\Lib\site-packages\opentelemetry\instrumentation\requests\__init__.py", line 152, in instrumented_send
    return wrapped_send(self, request, **kwargs)
           ^^^^^^^^^^^^^^^^^^^^^^^^^^^^^^^^^^^^^
  File "C:\Users\acer\Downloads\Resume-AI-1\backend\.venv\Lib\site-packages\requests\sessions.py", line 784, in send
    r = adapter.send(request, **kwargs)
        ^^^^^^^^^^^^^^^^^^^^^^^^^^^^^^^
  File "C:\Users\acer\Downloads\Resume-AI-1\backend\.venv\Lib\site-packages\requests\adapters.py", line 729, in send
    raise ConnectionError(e, request=request)
requests.exceptions.ConnectionError: HTTPConnectionPool(host='jaeger-service.resumatch-ai.svc.cluster.local', port=4318): Max retries exceeded with url: /v1/traces (Caused by NameResolutionError("HTTPConnection(host='jaeger-service.resumatch-ai.svc.cluster.local', port=4318): Failed to resolve 'jaeger-service.resumatch-ai.svc.cluster.local' ([Errno 11001] getaddrinfo failed)"))
2026-08-03 20:43:45,889 - httpx - INFO - [_client.py:1740] - HTTP Request: GET https://fukxrsqmulucvfvowcou.supabase.co/auth/v1/user "HTTP/1.1 200 OK"
2026-08-03 20:43:46,354 - httpx - INFO - [_client.py:1740] - HTTP Request: GET https://fukxrsqmulucvfvowcou.supabase.co/auth/v1/user "HTTP/1.1 200 OK"
2026-08-03 20:43:48,784 - opentelemetry.sdk.trace.export - ERROR - [__init__.py:369] - Exception while exporting Span batch.
Traceback (most recent call last):
  File "C:\Users\acer\Downloads\Resume-AI-1\backend\.venv\Lib\site-packages\urllib3\connection.py", line 204, in _new_conn
    sock = connection.create_connection(
           ^^^^^^^^^^^^^^^^^^^^^^^^^^^^^
  File "C:\Users\acer\Downloads\Resume-AI-1\backend\.venv\Lib\site-packages\urllib3\util\connection.py", line 60, in create_connection
    for res in socket.getaddrinfo(host, port, family, socket.SOCK_STREAM):
               ^^^^^^^^^^^^^^^^^^^^^^^^^^^^^^^^^^^^^^^^^^^^^^^^^^^^^^^^^^
  File "C:\Python312\Lib\socket.py", line 963, in getaddrinfo
    for res in _socket.getaddrinfo(host, port, family, type, proto, flags):
               ^^^^^^^^^^^^^^^^^^^^^^^^^^^^^^^^^^^^^^^^^^^^^^^^^^^^^^^^^^^
socket.gaierror: [Errno 11001] getaddrinfo failed

The above exception was the direct cause of the following exception:

Traceback (most recent call last):
  File "C:\Users\acer\Downloads\Resume-AI-1\backend\.venv\Lib\site-packages\urllib3\connectionpool.py", line 788, in urlopen
    response = self._make_request(
               ^^^^^^^^^^^^^^^^^^^
  File "C:\Users\acer\Downloads\Resume-AI-1\backend\.venv\Lib\site-packages\urllib3\connectionpool.py", line 493, in _make_request
    conn.request(
  File "C:\Users\acer\Downloads\Resume-AI-1\backend\.venv\Lib\site-packages\urllib3\connection.py", line 500, in request
    self.endheaders()
  File "C:\Python312\Lib\http\client.py", line 1314, in endheaders
    self._send_output(message_body, encode_chunked=encode_chunked)
  File "C:\Python312\Lib\http\client.py", line 1074, in _send_output
    self.send(msg)
  File "C:\Python312\Lib\http\client.py", line 1018, in send
    self.connect()
  File "C:\Users\acer\Downloads\Resume-AI-1\backend\.venv\Lib\site-packages\urllib3\connection.py", line 331, in connect
    self.sock = self._new_conn()
                ^^^^^^^^^^^^^^^^
  File "C:\Users\acer\Downloads\Resume-AI-1\backend\.venv\Lib\site-packages\urllib3\connection.py", line 211, in _new_conn
    raise NameResolutionError(self.host, self, e) from e
urllib3.exceptions.NameResolutionError: HTTPConnection(host='jaeger-service.resumatch-ai.svc.cluster.local', port=4318): Failed to resolve 'jaeger-service.resumatch-ai.svc.cluster.local' ([Errno 11001] getaddrinfo failed)

The above exception was the direct cause of the following exception:

Traceback (most recent call last):
  File "C:\Users\acer\Downloads\Resume-AI-1\backend\.venv\Lib\site-packages\requests\adapters.py", line 696, in send
    resp = conn.urlopen(
           ^^^^^^^^^^^^^
  File "C:\Users\acer\Downloads\Resume-AI-1\backend\.venv\Lib\site-packages\opentelemetry\instrumentation\urllib3\__init__.py", line 226, in instrumented_urlopen
    return wrapped(*args, **kwargs)
           ^^^^^^^^^^^^^^^^^^^^^^^^
  File "C:\Users\acer\Downloads\Resume-AI-1\backend\.venv\Lib\site-packages\urllib3\connectionpool.py", line 842, in urlopen
    retries = retries.increment(
              ^^^^^^^^^^^^^^^^^^
  File "C:\Users\acer\Downloads\Resume-AI-1\backend\.venv\Lib\site-packages\urllib3\util\retry.py", line 543, in increment
    raise MaxRetryError(_pool, url, reason) from reason  # type: ignore[arg-type]
    ^^^^^^^^^^^^^^^^^^^^^^^^^^^^^^^^^^^^^^^^^^^^^^^^^^^
urllib3.exceptions.MaxRetryError: HTTPConnectionPool(host='jaeger-service.resumatch-ai.svc.cluster.local', port=4318): Max retries exceeded with url: /v1/traces (Caused by NameResolutionError("HTTPConnection(host='jaeger-service.resumatch-ai.svc.cluster.local', port=4318): Failed to resolve 'jaeger-service.resumatch-ai.svc.cluster.local' ([Errno 11001] getaddrinfo failed)"))

During handling of the above exception, another exception occurred:

Traceback (most recent call last):
  File "C:\Users\acer\Downloads\Resume-AI-1\backend\.venv\Lib\site-packages\opentelemetry\sdk\trace\export\__init__.py", line 367, in _export_batch
    self.span_exporter.export(self.spans_list[:idx])  # type: ignore
    ^^^^^^^^^^^^^^^^^^^^^^^^^^^^^^^^^^^^^^^^^^^^^^^^
  File "C:\Users\acer\Downloads\Resume-AI-1\backend\.venv\Lib\site-packages\opentelemetry\exporter\otlp\proto\http\trace_exporter\__init__.py", line 169, in export
    return self._export_serialized_spans(serialized_data)
           ^^^^^^^^^^^^^^^^^^^^^^^^^^^^^^^^^^^^^^^^^^^^^^
  File "C:\Users\acer\Downloads\Resume-AI-1\backend\.venv\Lib\site-packages\opentelemetry\exporter\otlp\proto\http\trace_exporter\__init__.py", line 139, in _export_serialized_spans
    resp = self._export(serialized_data)
           ^^^^^^^^^^^^^^^^^^^^^^^^^^^^^
  File "C:\Users\acer\Downloads\Resume-AI-1\backend\.venv\Lib\site-packages\opentelemetry\exporter\otlp\proto\http\trace_exporter\__init__.py", line 114, in _export
    return self._session.post(
           ^^^^^^^^^^^^^^^^^^^
  File "C:\Users\acer\Downloads\Resume-AI-1\backend\.venv\Lib\site-packages\requests\sessions.py", line 712, in post
    return self.request("POST", url, data=data, json=json, **kwargs)
           ^^^^^^^^^^^^^^^^^^^^^^^^^^^^^^^^^^^^^^^^^^^^^^^^^^^^^^^^^
  File "C:\Users\acer\Downloads\Resume-AI-1\backend\.venv\Lib\site-packages\requests\sessions.py", line 651, in request
    resp = self.send(prep, **send_kwargs)
           ^^^^^^^^^^^^^^^^^^^^^^^^^^^^^^
  File "C:\Users\acer\Downloads\Resume-AI-1\backend\.venv\Lib\site-packages\opentelemetry\instrumentation\requests\__init__.py", line 152, in instrumented_send
    return wrapped_send(self, request, **kwargs)
           ^^^^^^^^^^^^^^^^^^^^^^^^^^^^^^^^^^^^^
  File "C:\Users\acer\Downloads\Resume-AI-1\backend\.venv\Lib\site-packages\requests\sessions.py", line 784, in send
    r = adapter.send(request, **kwargs)
        ^^^^^^^^^^^^^^^^^^^^^^^^^^^^^^^
  File "C:\Users\acer\Downloads\Resume-AI-1\backend\.venv\Lib\site-packages\requests\adapters.py", line 729, in send
    raise ConnectionError(e, request=request)
requests.exceptions.ConnectionError: HTTPConnectionPool(host='jaeger-service.resumatch-ai.svc.cluster.local', port=4318): Max retries exceeded with url: /v1/traces (Caused by NameResolutionError("HTTPConnection(host='jaeger-service.resumatch-ai.svc.cluster.local', port=4318): Failed to resolve 'jaeger-service.resumatch-ai.svc.cluster.local' ([Errno 11001] getaddrinfo failed)"))
2026-08-03 20:44:41,913 - httpx - INFO - [_client.py:1740] - HTTP Request: GET https://fukxrsqmulucvfvowcou.supabase.co/auth/v1/user "HTTP/1.1 200 OK"
2026-08-03 20:44:42,065 - httpx - INFO - [_client.py:1740] - HTTP Request: GET https://fukxrsqmulucvfvowcou.supabase.co/auth/v1/user "HTTP/1.1 200 OK"
2026-08-03 20:44:43,858 - opentelemetry.sdk.trace.export - ERROR - [__init__.py:369] - Exception while exporting Span batch.
Traceback (most recent call last):
  File "C:\Users\acer\Downloads\Resume-AI-1\backend\.venv\Lib\site-packages\urllib3\connection.py", line 204, in _new_conn
    sock = connection.create_connection(
           ^^^^^^^^^^^^^^^^^^^^^^^^^^^^^
  File "C:\Users\acer\Downloads\Resume-AI-1\backend\.venv\Lib\site-packages\urllib3\util\connection.py", line 60, in create_connection
    for res in socket.getaddrinfo(host, port, family, socket.SOCK_STREAM):
               ^^^^^^^^^^^^^^^^^^^^^^^^^^^^^^^^^^^^^^^^^^^^^^^^^^^^^^^^^^
  File "C:\Python312\Lib\socket.py", line 963, in getaddrinfo
    for res in _socket.getaddrinfo(host, port, family, type, proto, flags):
               ^^^^^^^^^^^^^^^^^^^^^^^^^^^^^^^^^^^^^^^^^^^^^^^^^^^^^^^^^^^
socket.gaierror: [Errno 11001] getaddrinfo failed

The above exception was the direct cause of the following exception:

Traceback (most recent call last):
  File "C:\Users\acer\Downloads\Resume-AI-1\backend\.venv\Lib\site-packages\urllib3\connectionpool.py", line 788, in urlopen
    response = self._make_request(
               ^^^^^^^^^^^^^^^^^^^
  File "C:\Users\acer\Downloads\Resume-AI-1\backend\.venv\Lib\site-packages\urllib3\connectionpool.py", line 493, in _make_request
    conn.request(
  File "C:\Users\acer\Downloads\Resume-AI-1\backend\.venv\Lib\site-packages\urllib3\connection.py", line 500, in request
    self.endheaders()
  File "C:\Python312\Lib\http\client.py", line 1314, in endheaders
    self._send_output(message_body, encode_chunked=encode_chunked)
  File "C:\Python312\Lib\http\client.py", line 1074, in _send_output
    self.send(msg)
  File "C:\Python312\Lib\http\client.py", line 1018, in send
    self.connect()
  File "C:\Users\acer\Downloads\Resume-AI-1\backend\.venv\Lib\site-packages\urllib3\connection.py", line 331, in connect
    self.sock = self._new_conn()
                ^^^^^^^^^^^^^^^^
  File "C:\Users\acer\Downloads\Resume-AI-1\backend\.venv\Lib\site-packages\urllib3\connection.py", line 211, in _new_conn
    raise NameResolutionError(self.host, self, e) from e
urllib3.exceptions.NameResolutionError: HTTPConnection(host='jaeger-service.resumatch-ai.svc.cluster.local', port=4318): Failed to resolve 'jaeger-service.resumatch-ai.svc.cluster.local' ([Errno 11001] getaddrinfo failed)

The above exception was the direct cause of the following exception:

Traceback (most recent call last):
  File "C:\Users\acer\Downloads\Resume-AI-1\backend\.venv\Lib\site-packages\requests\adapters.py", line 696, in send
    resp = conn.urlopen(
           ^^^^^^^^^^^^^
  File "C:\Users\acer\Downloads\Resume-AI-1\backend\.venv\Lib\site-packages\opentelemetry\instrumentation\urllib3\__init__.py", line 226, in instrumented_urlopen
    return wrapped(*args, **kwargs)
           ^^^^^^^^^^^^^^^^^^^^^^^^
  File "C:\Users\acer\Downloads\Resume-AI-1\backend\.venv\Lib\site-packages\urllib3\connectionpool.py", line 842, in urlopen
    retries = retries.increment(
              ^^^^^^^^^^^^^^^^^^
  File "C:\Users\acer\Downloads\Resume-AI-1\backend\.venv\Lib\site-packages\urllib3\util\retry.py", line 543, in increment
    raise MaxRetryError(_pool, url, reason) from reason  # type: ignore[arg-type]
    ^^^^^^^^^^^^^^^^^^^^^^^^^^^^^^^^^^^^^^^^^^^^^^^^^^^
urllib3.exceptions.MaxRetryError: HTTPConnectionPool(host='jaeger-service.resumatch-ai.svc.cluster.local', port=4318): Max retries exceeded with url: /v1/traces (Caused by NameResolutionError("HTTPConnection(host='jaeger-service.resumatch-ai.svc.cluster.local', port=4318): Failed to resolve 'jaeger-service.resumatch-ai.svc.cluster.local' ([Errno 11001] getaddrinfo failed)"))

During handling of the above exception, another exception occurred:

Traceback (most recent call last):
  File "C:\Users\acer\Downloads\Resume-AI-1\backend\.venv\Lib\site-packages\opentelemetry\sdk\trace\export\__init__.py", line 367, in _export_batch
    self.span_exporter.export(self.spans_list[:idx])  # type: ignore
    ^^^^^^^^^^^^^^^^^^^^^^^^^^^^^^^^^^^^^^^^^^^^^^^^
  File "C:\Users\acer\Downloads\Resume-AI-1\backend\.venv\Lib\site-packages\opentelemetry\exporter\otlp\proto\http\trace_exporter\__init__.py", line 169, in export
    return self._export_serialized_spans(serialized_data)
           ^^^^^^^^^^^^^^^^^^^^^^^^^^^^^^^^^^^^^^^^^^^^^^
  File "C:\Users\acer\Downloads\Resume-AI-1\backend\.venv\Lib\site-packages\opentelemetry\exporter\otlp\proto\http\trace_exporter\__init__.py", line 139, in _export_serialized_spans
    resp = self._export(serialized_data)
           ^^^^^^^^^^^^^^^^^^^^^^^^^^^^^
  File "C:\Users\acer\Downloads\Resume-AI-1\backend\.venv\Lib\site-packages\opentelemetry\exporter\otlp\proto\http\trace_exporter\__init__.py", line 114, in _export
    return self._session.post(
           ^^^^^^^^^^^^^^^^^^^
  File "C:\Users\acer\Downloads\Resume-AI-1\backend\.venv\Lib\site-packages\requests\sessions.py", line 712, in post
    return self.request("POST", url, data=data, json=json, **kwargs)
           ^^^^^^^^^^^^^^^^^^^^^^^^^^^^^^^^^^^^^^^^^^^^^^^^^^^^^^^^^
  File "C:\Users\acer\Downloads\Resume-AI-1\backend\.venv\Lib\site-packages\requests\sessions.py", line 651, in request
    resp = self.send(prep, **send_kwargs)
           ^^^^^^^^^^^^^^^^^^^^^^^^^^^^^^
  File "C:\Users\acer\Downloads\Resume-AI-1\backend\.venv\Lib\site-packages\opentelemetry\instrumentation\requests\__init__.py", line 152, in instrumented_send
    return wrapped_send(self, request, **kwargs)
           ^^^^^^^^^^^^^^^^^^^^^^^^^^^^^^^^^^^^^
  File "C:\Users\acer\Downloads\Resume-AI-1\backend\.venv\Lib\site-packages\requests\sessions.py", line 784, in send
    r = adapter.send(request, **kwargs)
        ^^^^^^^^^^^^^^^^^^^^^^^^^^^^^^^
  File "C:\Users\acer\Downloads\Resume-AI-1\backend\.venv\Lib\site-packages\requests\adapters.py", line 729, in send
    raise ConnectionError(e, request=request)
requests.exceptions.ConnectionError: HTTPConnectionPool(host='jaeger-service.resumatch-ai.svc.cluster.local', port=4318): Max retries exceeded with url: /v1/traces (Caused by NameResolutionError("HTTPConnection(host='jaeger-service.resumatch-ai.svc.cluster.local', port=4318): Failed to resolve 'jaeger-service.resumatch-ai.svc.cluster.local' ([Errno 11001] getaddrinfo failed)"))
2026-08-03 20:44:44,690 - httpx - INFO - [_client.py:1740] - HTTP Request: GET https://fukxrsqmulucvfvowcou.supabase.co/auth/v1/user "HTTP/1.1 200 OK"
2026-08-03 20:44:44,870 - httpx - INFO - [_client.py:1740] - HTTP Request: GET https://fukxrsqmulucvfvowcou.supabase.co/auth/v1/user "HTTP/1.1 200 OK"
2026-08-03 20:44:48,895 - opentelemetry.sdk.trace.export - ERROR - [__init__.py:369] - Exception while exporting Span batch.
Traceback (most recent call last):
  File "C:\Users\acer\Downloads\Resume-AI-1\backend\.venv\Lib\site-packages\urllib3\connection.py", line 204, in _new_conn
    sock = connection.create_connection(
           ^^^^^^^^^^^^^^^^^^^^^^^^^^^^^
  File "C:\Users\acer\Downloads\Resume-AI-1\backend\.venv\Lib\site-packages\urllib3\util\connection.py", line 60, in create_connection
    for res in socket.getaddrinfo(host, port, family, socket.SOCK_STREAM):
               ^^^^^^^^^^^^^^^^^^^^^^^^^^^^^^^^^^^^^^^^^^^^^^^^^^^^^^^^^^
  File "C:\Python312\Lib\socket.py", line 963, in getaddrinfo
    for res in _socket.getaddrinfo(host, port, family, type, proto, flags):
               ^^^^^^^^^^^^^^^^^^^^^^^^^^^^^^^^^^^^^^^^^^^^^^^^^^^^^^^^^^^
socket.gaierror: [Errno 11001] getaddrinfo failed

The above exception was the direct cause of the following exception:

Traceback (most recent call last):
  File "C:\Users\acer\Downloads\Resume-AI-1\backend\.venv\Lib\site-packages\urllib3\connectionpool.py", line 788, in urlopen
    response = self._make_request(
               ^^^^^^^^^^^^^^^^^^^
  File "C:\Users\acer\Downloads\Resume-AI-1\backend\.venv\Lib\site-packages\urllib3\connectionpool.py", line 493, in _make_request
    conn.request(
  File "C:\Users\acer\Downloads\Resume-AI-1\backend\.venv\Lib\site-packages\urllib3\connection.py", line 500, in request
    self.endheaders()
  File "C:\Python312\Lib\http\client.py", line 1314, in endheaders
    self._send_output(message_body, encode_chunked=encode_chunked)
  File "C:\Python312\Lib\http\client.py", line 1074, in _send_output
    self.send(msg)
  File "C:\Python312\Lib\http\client.py", line 1018, in send
    self.connect()
  File "C:\Users\acer\Downloads\Resume-AI-1\backend\.venv\Lib\site-packages\urllib3\connection.py", line 331, in connect
    self.sock = self._new_conn()
                ^^^^^^^^^^^^^^^^
  File "C:\Users\acer\Downloads\Resume-AI-1\backend\.venv\Lib\site-packages\urllib3\connection.py", line 211, in _new_conn
    raise NameResolutionError(self.host, self, e) from e
urllib3.exceptions.NameResolutionError: HTTPConnection(host='jaeger-service.resumatch-ai.svc.cluster.local', port=4318): Failed to resolve 'jaeger-service.resumatch-ai.svc.cluster.local' ([Errno 11001] getaddrinfo failed)

The above exception was the direct cause of the following exception:

Traceback (most recent call last):
  File "C:\Users\acer\Downloads\Resume-AI-1\backend\.venv\Lib\site-packages\requests\adapters.py", line 696, in send
    resp = conn.urlopen(
           ^^^^^^^^^^^^^
  File "C:\Users\acer\Downloads\Resume-AI-1\backend\.venv\Lib\site-packages\opentelemetry\instrumentation\urllib3\__init__.py", line 226, in instrumented_urlopen
    return wrapped(*args, **kwargs)
           ^^^^^^^^^^^^^^^^^^^^^^^^
  File "C:\Users\acer\Downloads\Resume-AI-1\backend\.venv\Lib\site-packages\urllib3\connectionpool.py", line 842, in urlopen
    retries = retries.increment(
              ^^^^^^^^^^^^^^^^^^
  File "C:\Users\acer\Downloads\Resume-AI-1\backend\.venv\Lib\site-packages\urllib3\util\retry.py", line 543, in increment
    raise MaxRetryError(_pool, url, reason) from reason  # type: ignore[arg-type]
    ^^^^^^^^^^^^^^^^^^^^^^^^^^^^^^^^^^^^^^^^^^^^^^^^^^^
urllib3.exceptions.MaxRetryError: HTTPConnectionPool(host='jaeger-service.resumatch-ai.svc.cluster.local', port=4318): Max retries exceeded with url: /v1/traces (Caused by NameResolutionError("HTTPConnection(host='jaeger-service.resumatch-ai.svc.cluster.local', port=4318): Failed to resolve 'jaeger-service.resumatch-ai.svc.cluster.local' ([Errno 11001] getaddrinfo failed)"))

During handling of the above exception, another exception occurred:

Traceback (most recent call last):
  File "C:\Users\acer\Downloads\Resume-AI-1\backend\.venv\Lib\site-packages\opentelemetry\sdk\trace\export\__init__.py", line 367, in _export_batch
    self.span_exporter.export(self.spans_list[:idx])  # type: ignore
    ^^^^^^^^^^^^^^^^^^^^^^^^^^^^^^^^^^^^^^^^^^^^^^^^
  File "C:\Users\acer\Downloads\Resume-AI-1\backend\.venv\Lib\site-packages\opentelemetry\exporter\otlp\proto\http\trace_exporter\__init__.py", line 169, in export
    return self._export_serialized_spans(serialized_data)
           ^^^^^^^^^^^^^^^^^^^^^^^^^^^^^^^^^^^^^^^^^^^^^^
  File "C:\Users\acer\Downloads\Resume-AI-1\backend\.venv\Lib\site-packages\opentelemetry\exporter\otlp\proto\http\trace_exporter\__init__.py", line 139, in _export_serialized_spans
    resp = self._export(serialized_data)
           ^^^^^^^^^^^^^^^^^^^^^^^^^^^^^
  File "C:\Users\acer\Downloads\Resume-AI-1\backend\.venv\Lib\site-packages\opentelemetry\exporter\otlp\proto\http\trace_exporter\__init__.py", line 114, in _export
    return self._session.post(
           ^^^^^^^^^^^^^^^^^^^
  File "C:\Users\acer\Downloads\Resume-AI-1\backend\.venv\Lib\site-packages\requests\sessions.py", line 712, in post
    return self.request("POST", url, data=data, json=json, **kwargs)
           ^^^^^^^^^^^^^^^^^^^^^^^^^^^^^^^^^^^^^^^^^^^^^^^^^^^^^^^^^
  File "C:\Users\acer\Downloads\Resume-AI-1\backend\.venv\Lib\site-packages\requests\sessions.py", line 651, in request
    resp = self.send(prep, **send_kwargs)
           ^^^^^^^^^^^^^^^^^^^^^^^^^^^^^^
  File "C:\Users\acer\Downloads\Resume-AI-1\backend\.venv\Lib\site-packages\opentelemetry\instrumentation\requests\__init__.py", line 152, in instrumented_send
    return wrapped_send(self, request, **kwargs)
           ^^^^^^^^^^^^^^^^^^^^^^^^^^^^^^^^^^^^^
  File "C:\Users\acer\Downloads\Resume-AI-1\backend\.venv\Lib\site-packages\requests\sessions.py", line 784, in send
    r = adapter.send(request, **kwargs)
        ^^^^^^^^^^^^^^^^^^^^^^^^^^^^^^^
  File "C:\Users\acer\Downloads\Resume-AI-1\backend\.venv\Lib\site-packages\requests\adapters.py", line 729, in send
    raise ConnectionError(e, request=request)
requests.exceptions.ConnectionError: HTTPConnectionPool(host='jaeger-service.resumatch-ai.svc.cluster.local', port=4318): Max retries exceeded with url: /v1/traces (Caused by NameResolutionError("HTTPConnection(host='jaeger-service.resumatch-ai.svc.cluster.local', port=4318): Failed to resolve 'jaeger-service.resumatch-ai.svc.cluster.local' ([Errno 11001] getaddrinfo failed)"))
2026-08-03 20:45:36,791 - httpx - INFO - [_client.py:1740] - HTTP Request: GET https://fukxrsqmulucvfvowcou.supabase.co/auth/v1/user "HTTP/1.1 200 OK"
2026-08-03 20:45:36,930 - httpx - INFO - [_client.py:1740] - HTTP Request: GET https://fukxrsqmulucvfvowcou.supabase.co/auth/v1/user "HTTP/1.1 200 OK"
2026-08-03 20:45:38,681 - httpx - INFO - [_client.py:1740] - HTTP Request: GET https://fukxrsqmulucvfvowcou.supabase.co/auth/v1/user "HTTP/1.1 200 OK"
2026-08-03 20:45:38,816 - httpx - INFO - [_client.py:1740] - HTTP Request: GET https://fukxrsqmulucvfvowcou.supabase.co/auth/v1/user "HTTP/1.1 200 OK"
2026-08-03 20:45:38,951 - opentelemetry.sdk.trace.export - ERROR - [__init__.py:369] - Exception while exporting Span batch.
Traceback (most recent call last):
  File "C:\Users\acer\Downloads\Resume-AI-1\backend\.venv\Lib\site-packages\urllib3\connection.py", line 204, in _new_conn
    sock = connection.create_connection(
           ^^^^^^^^^^^^^^^^^^^^^^^^^^^^^
  File "C:\Users\acer\Downloads\Resume-AI-1\backend\.venv\Lib\site-packages\urllib3\util\connection.py", line 60, in create_connection
    for res in socket.getaddrinfo(host, port, family, socket.SOCK_STREAM):
               ^^^^^^^^^^^^^^^^^^^^^^^^^^^^^^^^^^^^^^^^^^^^^^^^^^^^^^^^^^
  File "C:\Python312\Lib\socket.py", line 963, in getaddrinfo
    for res in _socket.getaddrinfo(host, port, family, type, proto, flags):
               ^^^^^^^^^^^^^^^^^^^^^^^^^^^^^^^^^^^^^^^^^^^^^^^^^^^^^^^^^^^
socket.gaierror: [Errno 11001] getaddrinfo failed

The above exception was the direct cause of the following exception:

Traceback (most recent call last):
  File "C:\Users\acer\Downloads\Resume-AI-1\backend\.venv\Lib\site-packages\urllib3\connectionpool.py", line 788, in urlopen
    response = self._make_request(
               ^^^^^^^^^^^^^^^^^^^
  File "C:\Users\acer\Downloads\Resume-AI-1\backend\.venv\Lib\site-packages\urllib3\connectionpool.py", line 493, in _make_request
    conn.request(
  File "C:\Users\acer\Downloads\Resume-AI-1\backend\.venv\Lib\site-packages\urllib3\connection.py", line 500, in request
    self.endheaders()
  File "C:\Python312\Lib\http\client.py", line 1314, in endheaders
    self._send_output(message_body, encode_chunked=encode_chunked)
  File "C:\Python312\Lib\http\client.py", line 1074, in _send_output
    self.send(msg)
  File "C:\Python312\Lib\http\client.py", line 1018, in send
    self.connect()
  File "C:\Users\acer\Downloads\Resume-AI-1\backend\.venv\Lib\site-packages\urllib3\connection.py", line 331, in connect
    self.sock = self._new_conn()
                ^^^^^^^^^^^^^^^^
  File "C:\Users\acer\Downloads\Resume-AI-1\backend\.venv\Lib\site-packages\urllib3\connection.py", line 211, in _new_conn
    raise NameResolutionError(self.host, self, e) from e
urllib3.exceptions.NameResolutionError: HTTPConnection(host='jaeger-service.resumatch-ai.svc.cluster.local', port=4318): Failed to resolve 'jaeger-service.resumatch-ai.svc.cluster.local' ([Errno 11001] getaddrinfo failed)

The above exception was the direct cause of the following exception:

Traceback (most recent call last):
  File "C:\Users\acer\Downloads\Resume-AI-1\backend\.venv\Lib\site-packages\requests\adapters.py", line 696, in send
    resp = conn.urlopen(
           ^^^^^^^^^^^^^
  File "C:\Users\acer\Downloads\Resume-AI-1\backend\.venv\Lib\site-packages\opentelemetry\instrumentation\urllib3\__init__.py", line 226, in instrumented_urlopen
    return wrapped(*args, **kwargs)
           ^^^^^^^^^^^^^^^^^^^^^^^^
  File "C:\Users\acer\Downloads\Resume-AI-1\backend\.venv\Lib\site-packages\urllib3\connectionpool.py", line 842, in urlopen
    retries = retries.increment(
              ^^^^^^^^^^^^^^^^^^
  File "C:\Users\acer\Downloads\Resume-AI-1\backend\.venv\Lib\site-packages\urllib3\util\retry.py", line 543, in increment
    raise MaxRetryError(_pool, url, reason) from reason  # type: ignore[arg-type]
    ^^^^^^^^^^^^^^^^^^^^^^^^^^^^^^^^^^^^^^^^^^^^^^^^^^^
urllib3.exceptions.MaxRetryError: HTTPConnectionPool(host='jaeger-service.resumatch-ai.svc.cluster.local', port=4318): Max retries exceeded with url: /v1/traces (Caused by NameResolutionError("HTTPConnection(host='jaeger-service.resumatch-ai.svc.cluster.local', port=4318): Failed to resolve 'jaeger-service.resumatch-ai.svc.cluster.local' ([Errno 11001] getaddrinfo failed)"))

During handling of the above exception, another exception occurred:

Traceback (most recent call last):
  File "C:\Users\acer\Downloads\Resume-AI-1\backend\.venv\Lib\site-packages\opentelemetry\sdk\trace\export\__init__.py", line 367, in _export_batch
    self.span_exporter.export(self.spans_list[:idx])  # type: ignore
    ^^^^^^^^^^^^^^^^^^^^^^^^^^^^^^^^^^^^^^^^^^^^^^^^
  File "C:\Users\acer\Downloads\Resume-AI-1\backend\.venv\Lib\site-packages\opentelemetry\exporter\otlp\proto\http\trace_exporter\__init__.py", line 169, in export
    return self._export_serialized_spans(serialized_data)
           ^^^^^^^^^^^^^^^^^^^^^^^^^^^^^^^^^^^^^^^^^^^^^^
  File "C:\Users\acer\Downloads\Resume-AI-1\backend\.venv\Lib\site-packages\opentelemetry\exporter\otlp\proto\http\trace_exporter\__init__.py", line 139, in _export_serialized_spans
    resp = self._export(serialized_data)
           ^^^^^^^^^^^^^^^^^^^^^^^^^^^^^
  File "C:\Users\acer\Downloads\Resume-AI-1\backend\.venv\Lib\site-packages\opentelemetry\exporter\otlp\proto\http\trace_exporter\__init__.py", line 114, in _export
    return self._session.post(
           ^^^^^^^^^^^^^^^^^^^
  File "C:\Users\acer\Downloads\Resume-AI-1\backend\.venv\Lib\site-packages\requests\sessions.py", line 712, in post
    return self.request("POST", url, data=data, json=json, **kwargs)
           ^^^^^^^^^^^^^^^^^^^^^^^^^^^^^^^^^^^^^^^^^^^^^^^^^^^^^^^^^
  File "C:\Users\acer\Downloads\Resume-AI-1\backend\.venv\Lib\site-packages\requests\sessions.py", line 651, in request
    resp = self.send(prep, **send_kwargs)
           ^^^^^^^^^^^^^^^^^^^^^^^^^^^^^^
  File "C:\Users\acer\Downloads\Resume-AI-1\backend\.venv\Lib\site-packages\opentelemetry\instrumentation\requests\__init__.py", line 152, in instrumented_send
    return wrapped_send(self, request, **kwargs)
           ^^^^^^^^^^^^^^^^^^^^^^^^^^^^^^^^^^^^^
  File "C:\Users\acer\Downloads\Resume-AI-1\backend\.venv\Lib\site-packages\requests\sessions.py", line 784, in send
    r = adapter.send(request, **kwargs)
        ^^^^^^^^^^^^^^^^^^^^^^^^^^^^^^^
  File "C:\Users\acer\Downloads\Resume-AI-1\backend\.venv\Lib\site-packages\requests\adapters.py", line 729, in send
    raise ConnectionError(e, request=request)
requests.exceptions.ConnectionError: HTTPConnectionPool(host='jaeger-service.resumatch-ai.svc.cluster.local', port=4318): Max retries exceeded with url: /v1/traces (Caused by NameResolutionError("HTTPConnection(host='jaeger-service.resumatch-ai.svc.cluster.local', port=4318): Failed to resolve 'jaeger-service.resumatch-ai.svc.cluster.local' ([Errno 11001] getaddrinfo failed)"))
2026-08-03 20:45:41,219 - httpx - INFO - [_client.py:1740] - HTTP Request: GET https://fukxrsqmulucvfvowcou.supabase.co/auth/v1/user "HTTP/1.1 200 OK"
2026-08-03 20:45:41,710 - httpx - INFO - [_client.py:1740] - HTTP Request: GET https://fukxrsqmulucvfvowcou.supabase.co/auth/v1/user "HTTP/1.1 200 OK"
2026-08-03 20:45:44,013 - opentelemetry.sdk.trace.export - ERROR - [__init__.py:369] - Exception while exporting Span batch.
Traceback (most recent call last):
  File "C:\Users\acer\Downloads\Resume-AI-1\backend\.venv\Lib\site-packages\urllib3\connection.py", line 204, in _new_conn
    sock = connection.create_connection(
           ^^^^^^^^^^^^^^^^^^^^^^^^^^^^^
  File "C:\Users\acer\Downloads\Resume-AI-1\backend\.venv\Lib\site-packages\urllib3\util\connection.py", line 60, in create_connection
    for res in socket.getaddrinfo(host, port, family, socket.SOCK_STREAM):
               ^^^^^^^^^^^^^^^^^^^^^^^^^^^^^^^^^^^^^^^^^^^^^^^^^^^^^^^^^^
  File "C:\Python312\Lib\socket.py", line 963, in getaddrinfo
    for res in _socket.getaddrinfo(host, port, family, type, proto, flags):
               ^^^^^^^^^^^^^^^^^^^^^^^^^^^^^^^^^^^^^^^^^^^^^^^^^^^^^^^^^^^
socket.gaierror: [Errno 11001] getaddrinfo failed

The above exception was the direct cause of the following exception:

Traceback (most recent call last):
  File "C:\Users\acer\Downloads\Resume-AI-1\backend\.venv\Lib\site-packages\urllib3\connectionpool.py", line 788, in urlopen
    response = self._make_request(
               ^^^^^^^^^^^^^^^^^^^
  File "C:\Users\acer\Downloads\Resume-AI-1\backend\.venv\Lib\site-packages\urllib3\connectionpool.py", line 493, in _make_request
    conn.request(
  File "C:\Users\acer\Downloads\Resume-AI-1\backend\.venv\Lib\site-packages\urllib3\connection.py", line 500, in request
    self.endheaders()
  File "C:\Python312\Lib\http\client.py", line 1314, in endheaders
    self._send_output(message_body, encode_chunked=encode_chunked)
  File "C:\Python312\Lib\http\client.py", line 1074, in _send_output
    self.send(msg)
  File "C:\Python312\Lib\http\client.py", line 1018, in send
    self.connect()
  File "C:\Users\acer\Downloads\Resume-AI-1\backend\.venv\Lib\site-packages\urllib3\connection.py", line 331, in connect
    self.sock = self._new_conn()
                ^^^^^^^^^^^^^^^^
  File "C:\Users\acer\Downloads\Resume-AI-1\backend\.venv\Lib\site-packages\urllib3\connection.py", line 211, in _new_conn
    raise NameResolutionError(self.host, self, e) from e
urllib3.exceptions.NameResolutionError: HTTPConnection(host='jaeger-service.resumatch-ai.svc.cluster.local', port=4318): Failed to resolve 'jaeger-service.resumatch-ai.svc.cluster.local' ([Errno 11001] getaddrinfo failed)

The above exception was the direct cause of the following exception:

Traceback (most recent call last):
  File "C:\Users\acer\Downloads\Resume-AI-1\backend\.venv\Lib\site-packages\requests\adapters.py", line 696, in send
    resp = conn.urlopen(
           ^^^^^^^^^^^^^
  File "C:\Users\acer\Downloads\Resume-AI-1\backend\.venv\Lib\site-packages\opentelemetry\instrumentation\urllib3\__init__.py", line 226, in instrumented_urlopen
    return wrapped(*args, **kwargs)
           ^^^^^^^^^^^^^^^^^^^^^^^^
  File "C:\Users\acer\Downloads\Resume-AI-1\backend\.venv\Lib\site-packages\urllib3\connectionpool.py", line 842, in urlopen
    retries = retries.increment(
              ^^^^^^^^^^^^^^^^^^
  File "C:\Users\acer\Downloads\Resume-AI-1\backend\.venv\Lib\site-packages\urllib3\util\retry.py", line 543, in increment
    raise MaxRetryError(_pool, url, reason) from reason  # type: ignore[arg-type]
    ^^^^^^^^^^^^^^^^^^^^^^^^^^^^^^^^^^^^^^^^^^^^^^^^^^^
urllib3.exceptions.MaxRetryError: HTTPConnectionPool(host='jaeger-service.resumatch-ai.svc.cluster.local', port=4318): Max retries exceeded with url: /v1/traces (Caused by NameResolutionError("HTTPConnection(host='jaeger-service.resumatch-ai.svc.cluster.local', port=4318): Failed to resolve 'jaeger-service.resumatch-ai.svc.cluster.local' ([Errno 11001] getaddrinfo failed)"))

During handling of the above exception, another exception occurred:

Traceback (most recent call last):
  File "C:\Users\acer\Downloads\Resume-AI-1\backend\.venv\Lib\site-packages\opentelemetry\sdk\trace\export\__init__.py", line 367, in _export_batch
    self.span_exporter.export(self.spans_list[:idx])  # type: ignore
    ^^^^^^^^^^^^^^^^^^^^^^^^^^^^^^^^^^^^^^^^^^^^^^^^
  File "C:\Users\acer\Downloads\Resume-AI-1\backend\.venv\Lib\site-packages\opentelemetry\exporter\otlp\proto\http\trace_exporter\__init__.py", line 169, in export
    return self._export_serialized_spans(serialized_data)
           ^^^^^^^^^^^^^^^^^^^^^^^^^^^^^^^^^^^^^^^^^^^^^^
  File "C:\Users\acer\Downloads\Resume-AI-1\backend\.venv\Lib\site-packages\opentelemetry\exporter\otlp\proto\http\trace_exporter\__init__.py", line 139, in _export_serialized_spans
    resp = self._export(serialized_data)
           ^^^^^^^^^^^^^^^^^^^^^^^^^^^^^
  File "C:\Users\acer\Downloads\Resume-AI-1\backend\.venv\Lib\site-packages\opentelemetry\exporter\otlp\proto\http\trace_exporter\__init__.py", line 114, in _export
    return self._session.post(
           ^^^^^^^^^^^^^^^^^^^
  File "C:\Users\acer\Downloads\Resume-AI-1\backend\.venv\Lib\site-packages\requests\sessions.py", line 712, in post
    return self.request("POST", url, data=data, json=json, **kwargs)
           ^^^^^^^^^^^^^^^^^^^^^^^^^^^^^^^^^^^^^^^^^^^^^^^^^^^^^^^^^
  File "C:\Users\acer\Downloads\Resume-AI-1\backend\.venv\Lib\site-packages\requests\sessions.py", line 651, in request
    resp = self.send(prep, **send_kwargs)
           ^^^^^^^^^^^^^^^^^^^^^^^^^^^^^^
  File "C:\Users\acer\Downloads\Resume-AI-1\backend\.venv\Lib\site-packages\opentelemetry\instrumentation\requests\__init__.py", line 152, in instrumented_send
    return wrapped_send(self, request, **kwargs)
           ^^^^^^^^^^^^^^^^^^^^^^^^^^^^^^^^^^^^^
  File "C:\Users\acer\Downloads\Resume-AI-1\backend\.venv\Lib\site-packages\requests\sessions.py", line 784, in send
    r = adapter.send(request, **kwargs)
        ^^^^^^^^^^^^^^^^^^^^^^^^^^^^^^^
  File "C:\Users\acer\Downloads\Resume-AI-1\backend\.venv\Lib\site-packages\requests\adapters.py", line 729, in send
    raise ConnectionError(e, request=request)
requests.exceptions.ConnectionError: HTTPConnectionPool(host='jaeger-service.resumatch-ai.svc.cluster.local', port=4318): Max retries exceeded with url: /v1/traces (Caused by NameResolutionError("HTTPConnection(host='jaeger-service.resumatch-ai.svc.cluster.local', port=4318): Failed to resolve 'jaeger-service.resumatch-ai.svc.cluster.local' ([Errno 11001] getaddrinfo failed)"))
2026-08-03 20:45:46,067 - httpx - INFO - [_client.py:1740] - HTTP Request: GET https://fukxrsqmulucvfvowcou.supabase.co/auth/v1/user "HTTP/1.1 200 OK"
2026-08-03 20:45:46,206 - httpx - INFO - [_client.py:1740] - HTTP Request: GET https://fukxrsqmulucvfvowcou.supabase.co/auth/v1/user "HTTP/1.1 200 OK"
2026-08-03 20:45:47,825 - httpx - INFO - [_client.py:1740] - HTTP Request: GET https://fukxrsqmulucvfvowcou.supabase.co/auth/v1/user "HTTP/1.1 200 OK"
2026-08-03 20:45:47,827 - httpx - INFO - [_client.py:1740] - HTTP Request: GET https://fukxrsqmulucvfvowcou.supabase.co/auth/v1/user "HTTP/1.1 200 OK"
2026-08-03 20:45:49,017 - opentelemetry.sdk.trace.export - ERROR - [__init__.py:369] - Exception while exporting Span batch.
Traceback (most recent call last):
  File "C:\Users\acer\Downloads\Resume-AI-1\backend\.venv\Lib\site-packages\urllib3\connection.py", line 204, in _new_conn
    sock = connection.create_connection(
           ^^^^^^^^^^^^^^^^^^^^^^^^^^^^^
  File "C:\Users\acer\Downloads\Resume-AI-1\backend\.venv\Lib\site-packages\urllib3\util\connection.py", line 60, in create_connection
    for res in socket.getaddrinfo(host, port, family, socket.SOCK_STREAM):
               ^^^^^^^^^^^^^^^^^^^^^^^^^^^^^^^^^^^^^^^^^^^^^^^^^^^^^^^^^^
  File "C:\Python312\Lib\socket.py", line 963, in getaddrinfo
    for res in _socket.getaddrinfo(host, port, family, type, proto, flags):
               ^^^^^^^^^^^^^^^^^^^^^^^^^^^^^^^^^^^^^^^^^^^^^^^^^^^^^^^^^^^
socket.gaierror: [Errno 11001] getaddrinfo failed

The above exception was the direct cause of the following exception:

Traceback (most recent call last):
  File "C:\Users\acer\Downloads\Resume-AI-1\backend\.venv\Lib\site-packages\urllib3\connectionpool.py", line 788, in urlopen
    response = self._make_request(
               ^^^^^^^^^^^^^^^^^^^
  File "C:\Users\acer\Downloads\Resume-AI-1\backend\.venv\Lib\site-packages\urllib3\connectionpool.py", line 493, in _make_request
    conn.request(
  File "C:\Users\acer\Downloads\Resume-AI-1\backend\.venv\Lib\site-packages\urllib3\connection.py", line 500, in request
    self.endheaders()
  File "C:\Python312\Lib\http\client.py", line 1314, in endheaders
    self._send_output(message_body, encode_chunked=encode_chunked)
  File "C:\Python312\Lib\http\client.py", line 1074, in _send_output
    self.send(msg)
  File "C:\Python312\Lib\http\client.py", line 1018, in send
    self.connect()
  File "C:\Users\acer\Downloads\Resume-AI-1\backend\.venv\Lib\site-packages\urllib3\connection.py", line 331, in connect
    self.sock = self._new_conn()
                ^^^^^^^^^^^^^^^^
  File "C:\Users\acer\Downloads\Resume-AI-1\backend\.venv\Lib\site-packages\urllib3\connection.py", line 211, in _new_conn
    raise NameResolutionError(self.host, self, e) from e
urllib3.exceptions.NameResolutionError: HTTPConnection(host='jaeger-service.resumatch-ai.svc.cluster.local', port=4318): Failed to resolve 'jaeger-service.resumatch-ai.svc.cluster.local' ([Errno 11001] getaddrinfo failed)

The above exception was the direct cause of the following exception:

Traceback (most recent call last):
  File "C:\Users\acer\Downloads\Resume-AI-1\backend\.venv\Lib\site-packages\requests\adapters.py", line 696, in send
    resp = conn.urlopen(
           ^^^^^^^^^^^^^
  File "C:\Users\acer\Downloads\Resume-AI-1\backend\.venv\Lib\site-packages\opentelemetry\instrumentation\urllib3\__init__.py", line 226, in instrumented_urlopen
    return wrapped(*args, **kwargs)
           ^^^^^^^^^^^^^^^^^^^^^^^^
  File "C:\Users\acer\Downloads\Resume-AI-1\backend\.venv\Lib\site-packages\urllib3\connectionpool.py", line 842, in urlopen
    retries = retries.increment(
              ^^^^^^^^^^^^^^^^^^
  File "C:\Users\acer\Downloads\Resume-AI-1\backend\.venv\Lib\site-packages\urllib3\util\retry.py", line 543, in increment
    raise MaxRetryError(_pool, url, reason) from reason  # type: ignore[arg-type]
    ^^^^^^^^^^^^^^^^^^^^^^^^^^^^^^^^^^^^^^^^^^^^^^^^^^^
urllib3.exceptions.MaxRetryError: HTTPConnectionPool(host='jaeger-service.resumatch-ai.svc.cluster.local', port=4318): Max retries exceeded with url: /v1/traces (Caused by NameResolutionError("HTTPConnection(host='jaeger-service.resumatch-ai.svc.cluster.local', port=4318): Failed to resolve 'jaeger-service.resumatch-ai.svc.cluster.local' ([Errno 11001] getaddrinfo failed)"))

During handling of the above exception, another exception occurred:

Traceback (most recent call last):
  File "C:\Users\acer\Downloads\Resume-AI-1\backend\.venv\Lib\site-packages\opentelemetry\sdk\trace\export\__init__.py", line 367, in _export_batch
    self.span_exporter.export(self.spans_list[:idx])  # type: ignore
    ^^^^^^^^^^^^^^^^^^^^^^^^^^^^^^^^^^^^^^^^^^^^^^^^
  File "C:\Users\acer\Downloads\Resume-AI-1\backend\.venv\Lib\site-packages\opentelemetry\exporter\otlp\proto\http\trace_exporter\__init__.py", line 169, in export
    return self._export_serialized_spans(serialized_data)
           ^^^^^^^^^^^^^^^^^^^^^^^^^^^^^^^^^^^^^^^^^^^^^^
  File "C:\Users\acer\Downloads\Resume-AI-1\backend\.venv\Lib\site-packages\opentelemetry\exporter\otlp\proto\http\trace_exporter\__init__.py", line 139, in _export_serialized_spans
    resp = self._export(serialized_data)
           ^^^^^^^^^^^^^^^^^^^^^^^^^^^^^
  File "C:\Users\acer\Downloads\Resume-AI-1\backend\.venv\Lib\site-packages\opentelemetry\exporter\otlp\proto\http\trace_exporter\__init__.py", line 114, in _export
    return self._session.post(
           ^^^^^^^^^^^^^^^^^^^
  File "C:\Users\acer\Downloads\Resume-AI-1\backend\.venv\Lib\site-packages\requests\sessions.py", line 712, in post
    return self.request("POST", url, data=data, json=json, **kwargs)
           ^^^^^^^^^^^^^^^^^^^^^^^^^^^^^^^^^^^^^^^^^^^^^^^^^^^^^^^^^
  File "C:\Users\acer\Downloads\Resume-AI-1\backend\.venv\Lib\site-packages\requests\sessions.py", line 651, in request
    resp = self.send(prep, **send_kwargs)
           ^^^^^^^^^^^^^^^^^^^^^^^^^^^^^^
  File "C:\Users\acer\Downloads\Resume-AI-1\backend\.venv\Lib\site-packages\opentelemetry\instrumentation\requests\__init__.py", line 152, in instrumented_send
    return wrapped_send(self, request, **kwargs)
           ^^^^^^^^^^^^^^^^^^^^^^^^^^^^^^^^^^^^^
  File "C:\Users\acer\Downloads\Resume-AI-1\backend\.venv\Lib\site-packages\requests\sessions.py", line 784, in send
    r = adapter.send(request, **kwargs)
        ^^^^^^^^^^^^^^^^^^^^^^^^^^^^^^^
  File "C:\Users\acer\Downloads\Resume-AI-1\backend\.venv\Lib\site-packages\requests\adapters.py", line 729, in send
    raise ConnectionError(e, request=request)
requests.exceptions.ConnectionError: HTTPConnectionPool(host='jaeger-service.resumatch-ai.svc.cluster.local', port=4318): Max retries exceeded with url: /v1/traces (Caused by NameResolutionError("HTTPConnection(host='jaeger-service.resumatch-ai.svc.cluster.local', port=4318): Failed to resolve 'jaeger-service.resumatch-ai.svc.cluster.local' ([Errno 11001] getaddrinfo failed)"))
2026-08-03 20:47:28,323 - httpx - INFO - [_client.py:1740] - HTTP Request: GET https://fukxrsqmulucvfvowcou.supabase.co/auth/v1/user "HTTP/1.1 200 OK"
2026-08-03 20:47:28,503 - httpx - INFO - [_client.py:1740] - HTTP Request: GET https://fukxrsqmulucvfvowcou.supabase.co/auth/v1/user "HTTP/1.1 200 OK"
2026-08-03 20:47:29,162 - opentelemetry.sdk.trace.export - ERROR - [__init__.py:369] - Exception while exporting Span batch.
Traceback (most recent call last):
  File "C:\Users\acer\Downloads\Resume-AI-1\backend\.venv\Lib\site-packages\urllib3\connection.py", line 204, in _new_conn
    sock = connection.create_connection(
           ^^^^^^^^^^^^^^^^^^^^^^^^^^^^^
  File "C:\Users\acer\Downloads\Resume-AI-1\backend\.venv\Lib\site-packages\urllib3\util\connection.py", line 60, in create_connection
    for res in socket.getaddrinfo(host, port, family, socket.SOCK_STREAM):
               ^^^^^^^^^^^^^^^^^^^^^^^^^^^^^^^^^^^^^^^^^^^^^^^^^^^^^^^^^^
  File "C:\Python312\Lib\socket.py", line 963, in getaddrinfo
    for res in _socket.getaddrinfo(host, port, family, type, proto, flags):
               ^^^^^^^^^^^^^^^^^^^^^^^^^^^^^^^^^^^^^^^^^^^^^^^^^^^^^^^^^^^
socket.gaierror: [Errno 11001] getaddrinfo failed

The above exception was the direct cause of the following exception:

Traceback (most recent call last):
  File "C:\Users\acer\Downloads\Resume-AI-1\backend\.venv\Lib\site-packages\urllib3\connectionpool.py", line 788, in urlopen
    response = self._make_request(
               ^^^^^^^^^^^^^^^^^^^
  File "C:\Users\acer\Downloads\Resume-AI-1\backend\.venv\Lib\site-packages\urllib3\connectionpool.py", line 493, in _make_request
    conn.request(
  File "C:\Users\acer\Downloads\Resume-AI-1\backend\.venv\Lib\site-packages\urllib3\connection.py", line 500, in request
    self.endheaders()
  File "C:\Python312\Lib\http\client.py", line 1314, in endheaders
    self._send_output(message_body, encode_chunked=encode_chunked)
  File "C:\Python312\Lib\http\client.py", line 1074, in _send_output
    self.send(msg)
  File "C:\Python312\Lib\http\client.py", line 1018, in send
    self.connect()
  File "C:\Users\acer\Downloads\Resume-AI-1\backend\.venv\Lib\site-packages\urllib3\connection.py", line 331, in connect
    self.sock = self._new_conn()
                ^^^^^^^^^^^^^^^^
  File "C:\Users\acer\Downloads\Resume-AI-1\backend\.venv\Lib\site-packages\urllib3\connection.py", line 211, in _new_conn
    raise NameResolutionError(self.host, self, e) from e
urllib3.exceptions.NameResolutionError: HTTPConnection(host='jaeger-service.resumatch-ai.svc.cluster.local', port=4318): Failed to resolve 'jaeger-service.resumatch-ai.svc.cluster.local' ([Errno 11001] getaddrinfo failed)

The above exception was the direct cause of the following exception:

Traceback (most recent call last):
  File "C:\Users\acer\Downloads\Resume-AI-1\backend\.venv\Lib\site-packages\requests\adapters.py", line 696, in send
    resp = conn.urlopen(
           ^^^^^^^^^^^^^
  File "C:\Users\acer\Downloads\Resume-AI-1\backend\.venv\Lib\site-packages\opentelemetry\instrumentation\urllib3\__init__.py", line 226, in instrumented_urlopen
    return wrapped(*args, **kwargs)
           ^^^^^^^^^^^^^^^^^^^^^^^^
  File "C:\Users\acer\Downloads\Resume-AI-1\backend\.venv\Lib\site-packages\urllib3\connectionpool.py", line 842, in urlopen
    retries = retries.increment(
              ^^^^^^^^^^^^^^^^^^
  File "C:\Users\acer\Downloads\Resume-AI-1\backend\.venv\Lib\site-packages\urllib3\util\retry.py", line 543, in increment
    raise MaxRetryError(_pool, url, reason) from reason  # type: ignore[arg-type]
    ^^^^^^^^^^^^^^^^^^^^^^^^^^^^^^^^^^^^^^^^^^^^^^^^^^^
urllib3.exceptions.MaxRetryError: HTTPConnectionPool(host='jaeger-service.resumatch-ai.svc.cluster.local', port=4318): Max retries exceeded with url: /v1/traces (Caused by NameResolutionError("HTTPConnection(host='jaeger-service.resumatch-ai.svc.cluster.local', port=4318): Failed to resolve 'jaeger-service.resumatch-ai.svc.cluster.local' ([Errno 11001] getaddrinfo failed)"))

During handling of the above exception, another exception occurred:

Traceback (most recent call last):
  File "C:\Users\acer\Downloads\Resume-AI-1\backend\.venv\Lib\site-packages\opentelemetry\sdk\trace\export\__init__.py", line 367, in _export_batch
    self.span_exporter.export(self.spans_list[:idx])  # type: ignore
    ^^^^^^^^^^^^^^^^^^^^^^^^^^^^^^^^^^^^^^^^^^^^^^^^
  File "C:\Users\acer\Downloads\Resume-AI-1\backend\.venv\Lib\site-packages\opentelemetry\exporter\otlp\proto\http\trace_exporter\__init__.py", line 169, in export
    return self._export_serialized_spans(serialized_data)
           ^^^^^^^^^^^^^^^^^^^^^^^^^^^^^^^^^^^^^^^^^^^^^^
  File "C:\Users\acer\Downloads\Resume-AI-1\backend\.venv\Lib\site-packages\opentelemetry\exporter\otlp\proto\http\trace_exporter\__init__.py", line 139, in _export_serialized_spans
    resp = self._export(serialized_data)
           ^^^^^^^^^^^^^^^^^^^^^^^^^^^^^
  File "C:\Users\acer\Downloads\Resume-AI-1\backend\.venv\Lib\site-packages\opentelemetry\exporter\otlp\proto\http\trace_exporter\__init__.py", line 114, in _export
    return self._session.post(
           ^^^^^^^^^^^^^^^^^^^
  File "C:\Users\acer\Downloads\Resume-AI-1\backend\.venv\Lib\site-packages\requests\sessions.py", line 712, in post
    return self.request("POST", url, data=data, json=json, **kwargs)
           ^^^^^^^^^^^^^^^^^^^^^^^^^^^^^^^^^^^^^^^^^^^^^^^^^^^^^^^^^
  File "C:\Users\acer\Downloads\Resume-AI-1\backend\.venv\Lib\site-packages\requests\sessions.py", line 651, in request
    resp = self.send(prep, **send_kwargs)
           ^^^^^^^^^^^^^^^^^^^^^^^^^^^^^^
  File "C:\Users\acer\Downloads\Resume-AI-1\backend\.venv\Lib\site-packages\opentelemetry\instrumentation\requests\__init__.py", line 152, in instrumented_send
    return wrapped_send(self, request, **kwargs)
           ^^^^^^^^^^^^^^^^^^^^^^^^^^^^^^^^^^^^^
  File "C:\Users\acer\Downloads\Resume-AI-1\backend\.venv\Lib\site-packages\requests\sessions.py", line 784, in send
    r = adapter.send(request, **kwargs)
        ^^^^^^^^^^^^^^^^^^^^^^^^^^^^^^^
  File "C:\Users\acer\Downloads\Resume-AI-1\backend\.venv\Lib\site-packages\requests\adapters.py", line 729, in send
    raise ConnectionError(e, request=request)
requests.exceptions.ConnectionError: HTTPConnectionPool(host='jaeger-service.resumatch-ai.svc.cluster.local', port=4318): Max retries exceeded with url: /v1/traces (Caused by NameResolutionError("HTTPConnection(host='jaeger-service.resumatch-ai.svc.cluster.local', port=4318): Failed to resolve 'jaeger-service.resumatch-ai.svc.cluster.local' ([Errno 11001] getaddrinfo failed)"))
2026-08-03 20:48:45,306 - httpx - INFO - [_client.py:1740] - HTTP Request: GET https://fukxrsqmulucvfvowcou.supabase.co/auth/v1/user "HTTP/1.1 200 OK"
2026-08-03 20:48:45,454 - httpx - INFO - [_client.py:1740] - HTTP Request: GET https://fukxrsqmulucvfvowcou.supabase.co/auth/v1/user "HTTP/1.1 200 OK"
2026-08-03 20:48:47,251 - httpx - INFO - [_client.py:1740] - HTTP Request: GET https://fukxrsqmulucvfvowcou.supabase.co/auth/v1/user "HTTP/1.1 200 OK"
2026-08-03 20:48:47,371 - httpx - INFO - [_client.py:1740] - HTTP Request: GET https://fukxrsqmulucvfvowcou.supabase.co/auth/v1/user "HTTP/1.1 200 OK"
2026-08-03 20:48:49,412 - opentelemetry.sdk.trace.export - ERROR - [__init__.py:369] - Exception while exporting Span batch.
Traceback (most recent call last):
  File "C:\Users\acer\Downloads\Resume-AI-1\backend\.venv\Lib\site-packages\urllib3\connection.py", line 204, in _new_conn
    sock = connection.create_connection(
           ^^^^^^^^^^^^^^^^^^^^^^^^^^^^^
  File "C:\Users\acer\Downloads\Resume-AI-1\backend\.venv\Lib\site-packages\urllib3\util\connection.py", line 60, in create_connection
    for res in socket.getaddrinfo(host, port, family, socket.SOCK_STREAM):
               ^^^^^^^^^^^^^^^^^^^^^^^^^^^^^^^^^^^^^^^^^^^^^^^^^^^^^^^^^^
  File "C:\Python312\Lib\socket.py", line 963, in getaddrinfo
    for res in _socket.getaddrinfo(host, port, family, type, proto, flags):
               ^^^^^^^^^^^^^^^^^^^^^^^^^^^^^^^^^^^^^^^^^^^^^^^^^^^^^^^^^^^
socket.gaierror: [Errno 11001] getaddrinfo failed

The above exception was the direct cause of the following exception:

Traceback (most recent call last):
  File "C:\Users\acer\Downloads\Resume-AI-1\backend\.venv\Lib\site-packages\urllib3\connectionpool.py", line 788, in urlopen
    response = self._make_request(
               ^^^^^^^^^^^^^^^^^^^
  File "C:\Users\acer\Downloads\Resume-AI-1\backend\.venv\Lib\site-packages\urllib3\connectionpool.py", line 493, in _make_request
    conn.request(
  File "C:\Users\acer\Downloads\Resume-AI-1\backend\.venv\Lib\site-packages\urllib3\connection.py", line 500, in request
    self.endheaders()
  File "C:\Python312\Lib\http\client.py", line 1314, in endheaders
    self._send_output(message_body, encode_chunked=encode_chunked)
  File "C:\Python312\Lib\http\client.py", line 1074, in _send_output
    self.send(msg)
  File "C:\Python312\Lib\http\client.py", line 1018, in send
    self.connect()
  File "C:\Users\acer\Downloads\Resume-AI-1\backend\.venv\Lib\site-packages\urllib3\connection.py", line 331, in connect
    self.sock = self._new_conn()
                ^^^^^^^^^^^^^^^^
  File "C:\Users\acer\Downloads\Resume-AI-1\backend\.venv\Lib\site-packages\urllib3\connection.py", line 211, in _new_conn
    raise NameResolutionError(self.host, self, e) from e
urllib3.exceptions.NameResolutionError: HTTPConnection(host='jaeger-service.resumatch-ai.svc.cluster.local', port=4318): Failed to resolve 'jaeger-service.resumatch-ai.svc.cluster.local' ([Errno 11001] getaddrinfo failed)

The above exception was the direct cause of the following exception:

Traceback (most recent call last):
  File "C:\Users\acer\Downloads\Resume-AI-1\backend\.venv\Lib\site-packages\requests\adapters.py", line 696, in send
    resp = conn.urlopen(
           ^^^^^^^^^^^^^
  File "C:\Users\acer\Downloads\Resume-AI-1\backend\.venv\Lib\site-packages\opentelemetry\instrumentation\urllib3\__init__.py", line 226, in instrumented_urlopen
    return wrapped(*args, **kwargs)
           ^^^^^^^^^^^^^^^^^^^^^^^^
  File "C:\Users\acer\Downloads\Resume-AI-1\backend\.venv\Lib\site-packages\urllib3\connectionpool.py", line 842, in urlopen
    retries = retries.increment(
              ^^^^^^^^^^^^^^^^^^
  File "C:\Users\acer\Downloads\Resume-AI-1\backend\.venv\Lib\site-packages\urllib3\util\retry.py", line 543, in increment
    raise MaxRetryError(_pool, url, reason) from reason  # type: ignore[arg-type]
    ^^^^^^^^^^^^^^^^^^^^^^^^^^^^^^^^^^^^^^^^^^^^^^^^^^^
urllib3.exceptions.MaxRetryError: HTTPConnectionPool(host='jaeger-service.resumatch-ai.svc.cluster.local', port=4318): Max retries exceeded with url: /v1/traces (Caused by NameResolutionError("HTTPConnection(host='jaeger-service.resumatch-ai.svc.cluster.local', port=4318): Failed to resolve 'jaeger-service.resumatch-ai.svc.cluster.local' ([Errno 11001] getaddrinfo failed)"))

During handling of the above exception, another exception occurred:

Traceback (most recent call last):
  File "C:\Users\acer\Downloads\Resume-AI-1\backend\.venv\Lib\site-packages\opentelemetry\sdk\trace\export\__init__.py", line 367, in _export_batch
    self.span_exporter.export(self.spans_list[:idx])  # type: ignore
    ^^^^^^^^^^^^^^^^^^^^^^^^^^^^^^^^^^^^^^^^^^^^^^^^
  File "C:\Users\acer\Downloads\Resume-AI-1\backend\.venv\Lib\site-packages\opentelemetry\exporter\otlp\proto\http\trace_exporter\__init__.py", line 169, in export
    return self._export_serialized_spans(serialized_data)
           ^^^^^^^^^^^^^^^^^^^^^^^^^^^^^^^^^^^^^^^^^^^^^^
  File "C:\Users\acer\Downloads\Resume-AI-1\backend\.venv\Lib\site-packages\opentelemetry\exporter\otlp\proto\http\trace_exporter\__init__.py", line 139, in _export_serialized_spans
    resp = self._export(serialized_data)
           ^^^^^^^^^^^^^^^^^^^^^^^^^^^^^
  File "C:\Users\acer\Downloads\Resume-AI-1\backend\.venv\Lib\site-packages\opentelemetry\exporter\otlp\proto\http\trace_exporter\__init__.py", line 114, in _export
    return self._session.post(
           ^^^^^^^^^^^^^^^^^^^
  File "C:\Users\acer\Downloads\Resume-AI-1\backend\.venv\Lib\site-packages\requests\sessions.py", line 712, in post
    return self.request("POST", url, data=data, json=json, **kwargs)
           ^^^^^^^^^^^^^^^^^^^^^^^^^^^^^^^^^^^^^^^^^^^^^^^^^^^^^^^^^
  File "C:\Users\acer\Downloads\Resume-AI-1\backend\.venv\Lib\site-packages\requests\sessions.py", line 651, in request
    resp = self.send(prep, **send_kwargs)
           ^^^^^^^^^^^^^^^^^^^^^^^^^^^^^^
  File "C:\Users\acer\Downloads\Resume-AI-1\backend\.venv\Lib\site-packages\opentelemetry\instrumentation\requests\__init__.py", line 152, in instrumented_send
    return wrapped_send(self, request, **kwargs)
           ^^^^^^^^^^^^^^^^^^^^^^^^^^^^^^^^^^^^^
  File "C:\Users\acer\Downloads\Resume-AI-1\backend\.venv\Lib\site-packages\requests\sessions.py", line 784, in send
    r = adapter.send(request, **kwargs)
        ^^^^^^^^^^^^^^^^^^^^^^^^^^^^^^^
  File "C:\Users\acer\Downloads\Resume-AI-1\backend\.venv\Lib\site-packages\requests\adapters.py", line 729, in send
    raise ConnectionError(e, request=request)
requests.exceptions.ConnectionError: HTTPConnectionPool(host='jaeger-service.resumatch-ai.svc.cluster.local', port=4318): Max retries exceeded with url: /v1/traces (Caused by NameResolutionError("HTTPConnection(host='jaeger-service.resumatch-ai.svc.cluster.local', port=4318): Failed to resolve 'jaeger-service.resumatch-ai.svc.cluster.local' ([Errno 11001] getaddrinfo failed)"))
2026-08-03 20:49:05,476 - httpx - INFO - [_client.py:1740] - HTTP Request: GET https://fukxrsqmulucvfvowcou.supabase.co/auth/v1/user "HTTP/1.1 200 OK"
2026-08-03 20:49:05,492 - httpx - INFO - [_client.py:1740] - HTTP Request: GET https://fukxrsqmulucvfvowcou.supabase.co/auth/v1/user "HTTP/1.1 200 OK"
2026-08-03 20:49:05,826 - resumatch.audit - INFO - [audit.py:63] - {"event_id": "e8695ce0-19c6-4353-a8f3-e29bf926f0d5", "request_id": "bec25214-90ad-4e31-9e86-151df8982d56", "timestamp": 1785770345.8262224, "event_type": "chat_request", "user_id": "af4a7d1d-808d-4b05-8eed-cb4a14f9999d", "organization_id": null, "provider": null, "model": null, "tokens_in": null, "tokens_out": null, "cost_usd": null, "tool": null, "agent": "career", "ip_address": null, "latency_ms": null, "prompt_hash": "71ef321bb82718bb0cd8215b229911e2", "verdict": {"decision": "allow", "risk_level": "low", "score": 0.0, "rules": []}, "extra": {}}
2026-08-03 20:49:05,992 - resumatch-api.security.audit - ERROR - [audit.py:109] - audit_db_write_failed
Traceback (most recent call last):
  File "C:\Users\acer\Downloads\Resume-AI-1\backend\.venv\Lib\site-packages\sqlalchemy\engine\base.py", line 1960, in _exec_single_context
    self.dialect.do_execute(
  File "C:\Users\acer\Downloads\Resume-AI-1\backend\.venv\Lib\site-packages\sqlalchemy\engine\default.py", line 924, in do_execute
    cursor.execute(statement, parameters)
psycopg2.errors.UndefinedColumn: column "organization_id" of relation "audit_logs" does not exist
LINE 3:                             user_id, organization_id, event_...
                                             ^


The above exception was the direct cause of the following exception:

Traceback (most recent call last):
  File "C:\Users\acer\Downloads\Resume-AI-1\backend\app\security\audit.py", line 70, in _emit_db
    conn.execute(
  File "C:\Users\acer\Downloads\Resume-AI-1\backend\.venv\Lib\site-packages\sqlalchemy\engine\base.py", line 1408, in execute
    return meth(
           ^^^^^
  File "C:\Users\acer\Downloads\Resume-AI-1\backend\.venv\Lib\site-packages\sqlalchemy\sql\elements.py", line 513, in _execute_on_connection
    return connection._execute_clauseelement(
           ^^^^^^^^^^^^^^^^^^^^^^^^^^^^^^^^^^
  File "C:\Users\acer\Downloads\Resume-AI-1\backend\.venv\Lib\site-packages\sqlalchemy\engine\base.py", line 1630, in _execute_clauseelement
    ret = self._execute_context(
          ^^^^^^^^^^^^^^^^^^^^^^
  File "C:\Users\acer\Downloads\Resume-AI-1\backend\.venv\Lib\site-packages\sqlalchemy\engine\base.py", line 1839, in _execute_context
    return self._exec_single_context(
           ^^^^^^^^^^^^^^^^^^^^^^^^^^
  File "C:\Users\acer\Downloads\Resume-AI-1\backend\.venv\Lib\site-packages\sqlalchemy\engine\base.py", line 1979, in _exec_single_context
    self._handle_dbapi_exception(
  File "C:\Users\acer\Downloads\Resume-AI-1\backend\.venv\Lib\site-packages\sqlalchemy\engine\base.py", line 2335, in _handle_dbapi_exception
    raise sqlalchemy_exception.with_traceback(exc_info[2]) from e
  File "C:\Users\acer\Downloads\Resume-AI-1\backend\.venv\Lib\site-packages\sqlalchemy\engine\base.py", line 1960, in _exec_single_context
    self.dialect.do_execute(
  File "C:\Users\acer\Downloads\Resume-AI-1\backend\.venv\Lib\site-packages\sqlalchemy\engine\default.py", line 924, in do_execute
    cursor.execute(statement, parameters)
sqlalchemy.exc.ProgrammingError: (psycopg2.errors.UndefinedColumn) column "organization_id" of relation "audit_logs" does not exist
LINE 3:                             user_id, organization_id, event_...
                                             ^

[SQL: 
                        INSERT INTO audit_logs (
                            user_id, organization_id, event_type, action, metadata,
                            ip_address, created_at, request_id, provider, model,
                            tokens_in, tokens_out, cost_usd, tool, agent, latency_ms,
                            prompt_hash, verdict
                        )
                        VALUES (
                            %(uid)s, %(org)s, %(event_type)s, %(action)s, %(meta)s,
                            %(ip)s, NOW(), %(request_id)s, %(provider)s, %(model)s,
                            %(tokens_in)s, %(tokens_out)s, %(cost_usd)s, %(tool)s, %(agent)s, %(latency_ms)s,
                            %(prompt_hash)s, %(verdict)s
                        )
                        ]
[parameters: {'uid': 'af4a7d1d-808d-4b05-8eed-cb4a14f9999d', 'org': None, 'event_type': 'chat_request', 'action': 'ai_decision', 'meta': '{}', 'ip': None, 'request_id': 'bec25214-90ad-4e31-9e86-151df8982d56', 'provider': None, 'model': None, 'tokens_in': None, 'tokens_out': None, 'cost_usd': None, 'tool': None, 'agent': 'career', 'latency_ms': None, 'prompt_hash': '71ef321bb82718bb0cd8215b229911e2', 'verdict': '{"decision": "allow", "risk_level": "low", "score": 0.0, "rules": []}'}]
(Background on this error at: https://sqlalche.me/e/20/f405)
2026-08-03 20:49:07,092 - httpx - INFO - [_client.py:1740] - HTTP Request: GET https://fukxrsqmulucvfvowcou.supabase.co/auth/v1/user "HTTP/1.1 200 OK"
C:\Users\acer\Downloads\Resume-AI-1\backend\.venv\Lib\site-packages\pydantic\_internal\_fields.py:186: UserWarning: Field name "name" shadows an attribute in parent "Operation"; 
  warnings.warn(
C:\Users\acer\Downloads\Resume-AI-1\backend\.venv\Lib\site-packages\pydantic\_internal\_fields.py:186: UserWarning: Field name "metadata" shadows an attribute in parent "Operation"; 
  warnings.warn(
C:\Users\acer\Downloads\Resume-AI-1\backend\.venv\Lib\site-packages\pydantic\_internal\_fields.py:186: UserWarning: Field name "done" shadows an attribute in parent "Operation"; 
  warnings.warn(
C:\Users\acer\Downloads\Resume-AI-1\backend\.venv\Lib\site-packages\pydantic\_internal\_fields.py:186: UserWarning: Field name "error" shadows an attribute in parent "Operation"; 
  warnings.warn(
2026-08-03 20:49:09,492 - opentelemetry.sdk.trace.export - ERROR - [__init__.py:369] - Exception while exporting Span batch.
Traceback (most recent call last):
  File "C:\Users\acer\Downloads\Resume-AI-1\backend\.venv\Lib\site-packages\urllib3\connection.py", line 204, in _new_conn
    sock = connection.create_connection(
           ^^^^^^^^^^^^^^^^^^^^^^^^^^^^^
  File "C:\Users\acer\Downloads\Resume-AI-1\backend\.venv\Lib\site-packages\urllib3\util\connection.py", line 60, in create_connection
    for res in socket.getaddrinfo(host, port, family, socket.SOCK_STREAM):
               ^^^^^^^^^^^^^^^^^^^^^^^^^^^^^^^^^^^^^^^^^^^^^^^^^^^^^^^^^^
  File "C:\Python312\Lib\socket.py", line 963, in getaddrinfo
    for res in _socket.getaddrinfo(host, port, family, type, proto, flags):
               ^^^^^^^^^^^^^^^^^^^^^^^^^^^^^^^^^^^^^^^^^^^^^^^^^^^^^^^^^^^
socket.gaierror: [Errno 11001] getaddrinfo failed

The above exception was the direct cause of the following exception:

Traceback (most recent call last):
  File "C:\Users\acer\Downloads\Resume-AI-1\backend\.venv\Lib\site-packages\urllib3\connectionpool.py", line 788, in urlopen
    response = self._make_request(
               ^^^^^^^^^^^^^^^^^^^
  File "C:\Users\acer\Downloads\Resume-AI-1\backend\.venv\Lib\site-packages\urllib3\connectionpool.py", line 493, in _make_request
    conn.request(
  File "C:\Users\acer\Downloads\Resume-AI-1\backend\.venv\Lib\site-packages\urllib3\connection.py", line 500, in request
    self.endheaders()
  File "C:\Python312\Lib\http\client.py", line 1314, in endheaders
    self._send_output(message_body, encode_chunked=encode_chunked)
  File "C:\Python312\Lib\http\client.py", line 1074, in _send_output
    self.send(msg)
  File "C:\Python312\Lib\http\client.py", line 1018, in send
    self.connect()
  File "C:\Users\acer\Downloads\Resume-AI-1\backend\.venv\Lib\site-packages\urllib3\connection.py", line 331, in connect
    self.sock = self._new_conn()
                ^^^^^^^^^^^^^^^^
  File "C:\Users\acer\Downloads\Resume-AI-1\backend\.venv\Lib\site-packages\urllib3\connection.py", line 211, in _new_conn
    raise NameResolutionError(self.host, self, e) from e
urllib3.exceptions.NameResolutionError: HTTPConnection(host='jaeger-service.resumatch-ai.svc.cluster.local', port=4318): Failed to resolve 'jaeger-service.resumatch-ai.svc.cluster.local' ([Errno 11001] getaddrinfo failed)

The above exception was the direct cause of the following exception:

Traceback (most recent call last):
  File "C:\Users\acer\Downloads\Resume-AI-1\backend\.venv\Lib\site-packages\requests\adapters.py", line 696, in send
    resp = conn.urlopen(
           ^^^^^^^^^^^^^
  File "C:\Users\acer\Downloads\Resume-AI-1\backend\.venv\Lib\site-packages\opentelemetry\instrumentation\urllib3\__init__.py", line 226, in instrumented_urlopen
    return wrapped(*args, **kwargs)
           ^^^^^^^^^^^^^^^^^^^^^^^^
  File "C:\Users\acer\Downloads\Resume-AI-1\backend\.venv\Lib\site-packages\urllib3\connectionpool.py", line 842, in urlopen
    retries = retries.increment(
              ^^^^^^^^^^^^^^^^^^
  File "C:\Users\acer\Downloads\Resume-AI-1\backend\.venv\Lib\site-packages\urllib3\util\retry.py", line 543, in increment
    raise MaxRetryError(_pool, url, reason) from reason  # type: ignore[arg-type]
    ^^^^^^^^^^^^^^^^^^^^^^^^^^^^^^^^^^^^^^^^^^^^^^^^^^^
urllib3.exceptions.MaxRetryError: HTTPConnectionPool(host='jaeger-service.resumatch-ai.svc.cluster.local', port=4318): Max retries exceeded with url: /v1/traces (Caused by NameResolutionError("HTTPConnection(host='jaeger-service.resumatch-ai.svc.cluster.local', port=4318): Failed to resolve 'jaeger-service.resumatch-ai.svc.cluster.local' ([Errno 11001] getaddrinfo failed)"))

During handling of the above exception, another exception occurred:

Traceback (most recent call last):
  File "C:\Users\acer\Downloads\Resume-AI-1\backend\.venv\Lib\site-packages\opentelemetry\sdk\trace\export\__init__.py", line 367, in _export_batch
    self.span_exporter.export(self.spans_list[:idx])  # type: ignore
    ^^^^^^^^^^^^^^^^^^^^^^^^^^^^^^^^^^^^^^^^^^^^^^^^
  File "C:\Users\acer\Downloads\Resume-AI-1\backend\.venv\Lib\site-packages\opentelemetry\exporter\otlp\proto\http\trace_exporter\__init__.py", line 169, in export
    return self._export_serialized_spans(serialized_data)
           ^^^^^^^^^^^^^^^^^^^^^^^^^^^^^^^^^^^^^^^^^^^^^^
  File "C:\Users\acer\Downloads\Resume-AI-1\backend\.venv\Lib\site-packages\opentelemetry\exporter\otlp\proto\http\trace_exporter\__init__.py", line 139, in _export_serialized_spans
    resp = self._export(serialized_data)
           ^^^^^^^^^^^^^^^^^^^^^^^^^^^^^
  File "C:\Users\acer\Downloads\Resume-AI-1\backend\.venv\Lib\site-packages\opentelemetry\exporter\otlp\proto\http\trace_exporter\__init__.py", line 114, in _export
    return self._session.post(
           ^^^^^^^^^^^^^^^^^^^
  File "C:\Users\acer\Downloads\Resume-AI-1\backend\.venv\Lib\site-packages\requests\sessions.py", line 712, in post
    return self.request("POST", url, data=data, json=json, **kwargs)
           ^^^^^^^^^^^^^^^^^^^^^^^^^^^^^^^^^^^^^^^^^^^^^^^^^^^^^^^^^
  File "C:\Users\acer\Downloads\Resume-AI-1\backend\.venv\Lib\site-packages\requests\sessions.py", line 651, in request
    resp = self.send(prep, **send_kwargs)
           ^^^^^^^^^^^^^^^^^^^^^^^^^^^^^^
  File "C:\Users\acer\Downloads\Resume-AI-1\backend\.venv\Lib\site-packages\opentelemetry\instrumentation\requests\__init__.py", line 152, in instrumented_send
    return wrapped_send(self, request, **kwargs)
           ^^^^^^^^^^^^^^^^^^^^^^^^^^^^^^^^^^^^^
  File "C:\Users\acer\Downloads\Resume-AI-1\backend\.venv\Lib\site-packages\requests\sessions.py", line 784, in send
    r = adapter.send(request, **kwargs)
        ^^^^^^^^^^^^^^^^^^^^^^^^^^^^^^^
  File "C:\Users\acer\Downloads\Resume-AI-1\backend\.venv\Lib\site-packages\requests\adapters.py", line 729, in send
    raise ConnectionError(e, request=request)
requests.exceptions.ConnectionError: HTTPConnectionPool(host='jaeger-service.resumatch-ai.svc.cluster.local', port=4318): Max retries exceeded with url: /v1/traces (Caused by NameResolutionError("HTTPConnection(host='jaeger-service.resumatch-ai.svc.cluster.local', port=4318): Failed to resolve 'jaeger-service.resumatch-ai.svc.cluster.local' ([Errno 11001] getaddrinfo failed)"))
2026-08-03 20:49:14,356 - google_genai.models - INFO - [models.py:4998] - AFC is enabled with max remote calls: 10.
C:\Users\acer\Downloads\Resume-AI-1\backend\.venv\Lib\site-packages\google\auth\_default.py:113: UserWarning: Your application has authenticated using end user credentials from Google Cloud SDK without a quota project. You might receive a "quota exceeded" or "API not enabled" error. See the following page for troubleshooting: https://cloud.google.com/docs/authentication/adc-troubleshooting/user-creds. 
  warnings.warn(_CLOUD_SDK_CREDENTIALS_WARNING)
2026-08-03 20:49:24,473 - opentelemetry.sdk.trace.export - ERROR - [__init__.py:369] - Exception while exporting Span batch.
Traceback (most recent call last):
  File "C:\Users\acer\Downloads\Resume-AI-1\backend\.venv\Lib\site-packages\urllib3\connection.py", line 204, in _new_conn
    sock = connection.create_connection(
           ^^^^^^^^^^^^^^^^^^^^^^^^^^^^^
  File "C:\Users\acer\Downloads\Resume-AI-1\backend\.venv\Lib\site-packages\urllib3\util\connection.py", line 60, in create_connection
    for res in socket.getaddrinfo(host, port, family, socket.SOCK_STREAM):
               ^^^^^^^^^^^^^^^^^^^^^^^^^^^^^^^^^^^^^^^^^^^^^^^^^^^^^^^^^^
  File "C:\Python312\Lib\socket.py", line 963, in getaddrinfo
    for res in _socket.getaddrinfo(host, port, family, type, proto, flags):
               ^^^^^^^^^^^^^^^^^^^^^^^^^^^^^^^^^^^^^^^^^^^^^^^^^^^^^^^^^^^
socket.gaierror: [Errno 11001] getaddrinfo failed

The above exception was the direct cause of the following exception:

Traceback (most recent call last):
  File "C:\Users\acer\Downloads\Resume-AI-1\backend\.venv\Lib\site-packages\urllib3\connectionpool.py", line 788, in urlopen
    response = self._make_request(
               ^^^^^^^^^^^^^^^^^^^
  File "C:\Users\acer\Downloads\Resume-AI-1\backend\.venv\Lib\site-packages\urllib3\connectionpool.py", line 493, in _make_request
    conn.request(
  File "C:\Users\acer\Downloads\Resume-AI-1\backend\.venv\Lib\site-packages\urllib3\connection.py", line 500, in request
    self.endheaders()
  File "C:\Python312\Lib\http\client.py", line 1314, in endheaders
    self._send_output(message_body, encode_chunked=encode_chunked)
  File "C:\Python312\Lib\http\client.py", line 1074, in _send_output
    self.send(msg)
  File "C:\Python312\Lib\http\client.py", line 1018, in send
    self.connect()
  File "C:\Users\acer\Downloads\Resume-AI-1\backend\.venv\Lib\site-packages\urllib3\connection.py", line 331, in connect
    self.sock = self._new_conn()
                ^^^^^^^^^^^^^^^^
  File "C:\Users\acer\Downloads\Resume-AI-1\backend\.venv\Lib\site-packages\urllib3\connection.py", line 211, in _new_conn
    raise NameResolutionError(self.host, self, e) from e
urllib3.exceptions.NameResolutionError: HTTPConnection(host='jaeger-service.resumatch-ai.svc.cluster.local', port=4318): Failed to resolve 'jaeger-service.resumatch-ai.svc.cluster.local' ([Errno 11001] getaddrinfo failed)

The above exception was the direct cause of the following exception:

Traceback (most recent call last):
  File "C:\Users\acer\Downloads\Resume-AI-1\backend\.venv\Lib\site-packages\requests\adapters.py", line 696, in send
    resp = conn.urlopen(
           ^^^^^^^^^^^^^
  File "C:\Users\acer\Downloads\Resume-AI-1\backend\.venv\Lib\site-packages\opentelemetry\instrumentation\urllib3\__init__.py", line 226, in instrumented_urlopen
    return wrapped(*args, **kwargs)
           ^^^^^^^^^^^^^^^^^^^^^^^^
  File "C:\Users\acer\Downloads\Resume-AI-1\backend\.venv\Lib\site-packages\urllib3\connectionpool.py", line 842, in urlopen
    retries = retries.increment(
              ^^^^^^^^^^^^^^^^^^
  File "C:\Users\acer\Downloads\Resume-AI-1\backend\.venv\Lib\site-packages\urllib3\util\retry.py", line 543, in increment
    raise MaxRetryError(_pool, url, reason) from reason  # type: ignore[arg-type]
    ^^^^^^^^^^^^^^^^^^^^^^^^^^^^^^^^^^^^^^^^^^^^^^^^^^^
urllib3.exceptions.MaxRetryError: HTTPConnectionPool(host='jaeger-service.resumatch-ai.svc.cluster.local', port=4318): Max retries exceeded with url: /v1/traces (Caused by NameResolutionError("HTTPConnection(host='jaeger-service.resumatch-ai.svc.cluster.local', port=4318): Failed to resolve 'jaeger-service.resumatch-ai.svc.cluster.local' ([Errno 11001] getaddrinfo failed)"))

During handling of the above exception, another exception occurred:

Traceback (most recent call last):
  File "C:\Users\acer\Downloads\Resume-AI-1\backend\.venv\Lib\site-packages\opentelemetry\sdk\trace\export\__init__.py", line 367, in _export_batch
    self.span_exporter.export(self.spans_list[:idx])  # type: ignore
    ^^^^^^^^^^^^^^^^^^^^^^^^^^^^^^^^^^^^^^^^^^^^^^^^
  File "C:\Users\acer\Downloads\Resume-AI-1\backend\.venv\Lib\site-packages\opentelemetry\exporter\otlp\proto\http\trace_exporter\__init__.py", line 169, in export
    return self._export_serialized_spans(serialized_data)
           ^^^^^^^^^^^^^^^^^^^^^^^^^^^^^^^^^^^^^^^^^^^^^^
  File "C:\Users\acer\Downloads\Resume-AI-1\backend\.venv\Lib\site-packages\opentelemetry\exporter\otlp\proto\http\trace_exporter\__init__.py", line 139, in _export_serialized_spans
    resp = self._export(serialized_data)
           ^^^^^^^^^^^^^^^^^^^^^^^^^^^^^
  File "C:\Users\acer\Downloads\Resume-AI-1\backend\.venv\Lib\site-packages\opentelemetry\exporter\otlp\proto\http\trace_exporter\__init__.py", line 114, in _export
    return self._session.post(
           ^^^^^^^^^^^^^^^^^^^
  File "C:\Users\acer\Downloads\Resume-AI-1\backend\.venv\Lib\site-packages\requests\sessions.py", line 712, in post
    return self.request("POST", url, data=data, json=json, **kwargs)
           ^^^^^^^^^^^^^^^^^^^^^^^^^^^^^^^^^^^^^^^^^^^^^^^^^^^^^^^^^
  File "C:\Users\acer\Downloads\Resume-AI-1\backend\.venv\Lib\site-packages\requests\sessions.py", line 651, in request
    resp = self.send(prep, **send_kwargs)
           ^^^^^^^^^^^^^^^^^^^^^^^^^^^^^^
  File "C:\Users\acer\Downloads\Resume-AI-1\backend\.venv\Lib\site-packages\opentelemetry\instrumentation\requests\__init__.py", line 152, in instrumented_send
    return wrapped_send(self, request, **kwargs)
           ^^^^^^^^^^^^^^^^^^^^^^^^^^^^^^^^^^^^^
  File "C:\Users\acer\Downloads\Resume-AI-1\backend\.venv\Lib\site-packages\requests\sessions.py", line 784, in send
    r = adapter.send(request, **kwargs)
        ^^^^^^^^^^^^^^^^^^^^^^^^^^^^^^^
  File "C:\Users\acer\Downloads\Resume-AI-1\backend\.venv\Lib\site-packages\requests\adapters.py", line 729, in send
    raise ConnectionError(e, request=request)
requests.exceptions.ConnectionError: HTTPConnectionPool(host='jaeger-service.resumatch-ai.svc.cluster.local', port=4318): Max retries exceeded with url: /v1/traces (Caused by NameResolutionError("HTTPConnection(host='jaeger-service.resumatch-ai.svc.cluster.local', port=4318): Failed to resolve 'jaeger-service.resumatch-ai.svc.cluster.local' ([Errno 11001] getaddrinfo failed)"))
2026-08-03 20:49:32,384 - httpx - INFO - [_client.py:1025] - HTTP Request: POST https://aiplatform.googleapis.com/v1beta1/projects/resumeai-503317/locations/global/publishers/google/models/gemini-2.5-flash:generateContent "HTTP/1.1 200 OK"
2026-08-03 20:49:32,392 - google_genai.types - WARNING - [types.py:5972] - Warning: there are non-text parts in the response: ['thought_signature'], returning concatenated text result from text parts. Check the full candidates.content.parts accessor to get the full model response.
2026-08-03 20:49:32,609 - resumatch.audit - INFO - [audit.py:63] - {"event_id": "1900f7a6-6068-45a9-bc41-bdbe418a00c5", "request_id": "bec25214-90ad-4e31-9e86-151df8982d56", "timestamp": 1785770372.609532, "event_type": "chat_response", "user_id": "af4a7d1d-808d-4b05-8eed-cb4a14f9999d", "organization_id": null, "provider": "vertex-gemini", "model": "gemini-2.5-flash", "tokens_in": null, "tokens_out": null, "cost_usd": null, "tool": null, "agent": "career", "ip_address": null, "latency_ms": 26812.0, "prompt_hash": null, "verdict": null, "extra": {"tools_used": [], "iterations": 1, "fallback_used": false}}
2026-08-03 20:49:32,744 - resumatch-api.security.audit - ERROR - [audit.py:109] - audit_db_write_failed
Traceback (most recent call last):
  File "C:\Users\acer\Downloads\Resume-AI-1\backend\.venv\Lib\site-packages\sqlalchemy\engine\base.py", line 1960, in _exec_single_context
    self.dialect.do_execute(
  File "C:\Users\acer\Downloads\Resume-AI-1\backend\.venv\Lib\site-packages\sqlalchemy\engine\default.py", line 924, in do_execute
    cursor.execute(statement, parameters)
psycopg2.errors.UndefinedColumn: column "organization_id" of relation "audit_logs" does not exist
LINE 3:                             user_id, organization_id, event_...
                                             ^


The above exception was the direct cause of the following exception:

Traceback (most recent call last):
  File "C:\Users\acer\Downloads\Resume-AI-1\backend\app\security\audit.py", line 70, in _emit_db
    conn.execute(
  File "C:\Users\acer\Downloads\Resume-AI-1\backend\.venv\Lib\site-packages\sqlalchemy\engine\base.py", line 1408, in execute
    return meth(
           ^^^^^
  File "C:\Users\acer\Downloads\Resume-AI-1\backend\.venv\Lib\site-packages\sqlalchemy\sql\elements.py", line 513, in _execute_on_connection
    return connection._execute_clauseelement(
           ^^^^^^^^^^^^^^^^^^^^^^^^^^^^^^^^^^
  File "C:\Users\acer\Downloads\Resume-AI-1\backend\.venv\Lib\site-packages\sqlalchemy\engine\base.py", line 1630, in _execute_clauseelement
    ret = self._execute_context(
          ^^^^^^^^^^^^^^^^^^^^^^
  File "C:\Users\acer\Downloads\Resume-AI-1\backend\.venv\Lib\site-packages\sqlalchemy\engine\base.py", line 1839, in _execute_context
    return self._exec_single_context(
           ^^^^^^^^^^^^^^^^^^^^^^^^^^
  File "C:\Users\acer\Downloads\Resume-AI-1\backend\.venv\Lib\site-packages\sqlalchemy\engine\base.py", line 1979, in _exec_single_context
    self._handle_dbapi_exception(
  File "C:\Users\acer\Downloads\Resume-AI-1\backend\.venv\Lib\site-packages\sqlalchemy\engine\base.py", line 2335, in _handle_dbapi_exception
    raise sqlalchemy_exception.with_traceback(exc_info[2]) from e
  File "C:\Users\acer\Downloads\Resume-AI-1\backend\.venv\Lib\site-packages\sqlalchemy\engine\base.py", line 1960, in _exec_single_context
    self.dialect.do_execute(
  File "C:\Users\acer\Downloads\Resume-AI-1\backend\.venv\Lib\site-packages\sqlalchemy\engine\default.py", line 924, in do_execute
    cursor.execute(statement, parameters)
sqlalchemy.exc.ProgrammingError: (psycopg2.errors.UndefinedColumn) column "organization_id" of relation "audit_logs" does not exist
LINE 3:                             user_id, organization_id, event_...
                                             ^

[SQL: 
                        INSERT INTO audit_logs (
                            user_id, organization_id, event_type, action, metadata,
                            ip_address, created_at, request_id, provider, model,
                            tokens_in, tokens_out, cost_usd, tool, agent, latency_ms,
                            prompt_hash, verdict
                        )
                        VALUES (
                            %(uid)s, %(org)s, %(event_type)s, %(action)s, %(meta)s,
                            %(ip)s, NOW(), %(request_id)s, %(provider)s, %(model)s,
                            %(tokens_in)s, %(tokens_out)s, %(cost_usd)s, %(tool)s, %(agent)s, %(latency_ms)s,
                            %(prompt_hash)s, %(verdict)s
                        )
                        ]
[parameters: {'uid': 'af4a7d1d-808d-4b05-8eed-cb4a14f9999d', 'org': None, 'event_type': 'chat_response', 'action': 'ai_decision', 'meta': '{"tools_used": [], "iterations": 1, "fallback_used": false}', 'ip': None, 'request_id': 'bec25214-90ad-4e31-9e86-151df8982d56', 'provider': 'vertex-gemini', 'model': 'gemini-2.5-flash', 'tokens_in': None, 'tokens_out': None, 'cost_usd': None, 'tool': None, 'agent': 'career', 'latency_ms': 26812.0, 'prompt_hash': None, 'verdict': None}]
(Background on this error at: https://sqlalche.me/e/20/f405)
2026-08-03 20:49:32,747 - resumatch-api.chat - INFO - [chat_routes.py:693] - CHAT_STREAM_DONE | conv=1940e6da-2e6e-4523-9660-210c932be3e4 agent=career provider=vertex-gemini model=gemini-2.5-flash latency_ms=26812.0
2026-08-03 20:49:34,251 - httpx - INFO - [_client.py:1740] - HTTP Request: GET https://fukxrsqmulucvfvowcou.supabase.co/auth/v1/user "HTTP/1.1 200 OK"
2026-08-03 20:49:34,391 - httpx - INFO - [_client.py:1740] - HTTP Request: GET https://fukxrsqmulucvfvowcou.supabase.co/auth/v1/user "HTTP/1.1 200 OK"
2026-08-03 20:49:34,580 - opentelemetry.sdk.trace.export - ERROR - [__init__.py:369] - Exception while exporting Span batch.
Traceback (most recent call last):
  File "C:\Users\acer\Downloads\Resume-AI-1\backend\.venv\Lib\site-packages\urllib3\connection.py", line 204, in _new_conn
    sock = connection.create_connection(
           ^^^^^^^^^^^^^^^^^^^^^^^^^^^^^
  File "C:\Users\acer\Downloads\Resume-AI-1\backend\.venv\Lib\site-packages\urllib3\util\connection.py", line 60, in create_connection
    for res in socket.getaddrinfo(host, port, family, socket.SOCK_STREAM):
               ^^^^^^^^^^^^^^^^^^^^^^^^^^^^^^^^^^^^^^^^^^^^^^^^^^^^^^^^^^
  File "C:\Python312\Lib\socket.py", line 963, in getaddrinfo
    for res in _socket.getaddrinfo(host, port, family, type, proto, flags):
               ^^^^^^^^^^^^^^^^^^^^^^^^^^^^^^^^^^^^^^^^^^^^^^^^^^^^^^^^^^^
socket.gaierror: [Errno 11001] getaddrinfo failed

The above exception was the direct cause of the following exception:

Traceback (most recent call last):
  File "C:\Users\acer\Downloads\Resume-AI-1\backend\.venv\Lib\site-packages\urllib3\connectionpool.py", line 788, in urlopen
    response = self._make_request(
               ^^^^^^^^^^^^^^^^^^^
  File "C:\Users\acer\Downloads\Resume-AI-1\backend\.venv\Lib\site-packages\urllib3\connectionpool.py", line 493, in _make_request
    conn.request(
  File "C:\Users\acer\Downloads\Resume-AI-1\backend\.venv\Lib\site-packages\urllib3\connection.py", line 500, in request
    self.endheaders()
  File "C:\Python312\Lib\http\client.py", line 1314, in endheaders
    self._send_output(message_body, encode_chunked=encode_chunked)
  File "C:\Python312\Lib\http\client.py", line 1074, in _send_output
    self.send(msg)
  File "C:\Python312\Lib\http\client.py", line 1018, in send
    self.connect()
  File "C:\Users\acer\Downloads\Resume-AI-1\backend\.venv\Lib\site-packages\urllib3\connection.py", line 331, in connect
    self.sock = self._new_conn()
                ^^^^^^^^^^^^^^^^
  File "C:\Users\acer\Downloads\Resume-AI-1\backend\.venv\Lib\site-packages\urllib3\connection.py", line 211, in _new_conn
    raise NameResolutionError(self.host, self, e) from e
urllib3.exceptions.NameResolutionError: HTTPConnection(host='jaeger-service.resumatch-ai.svc.cluster.local', port=4318): Failed to resolve 'jaeger-service.resumatch-ai.svc.cluster.local' ([Errno 11001] getaddrinfo failed)

The above exception was the direct cause of the following exception:

Traceback (most recent call last):
  File "C:\Users\acer\Downloads\Resume-AI-1\backend\.venv\Lib\site-packages\requests\adapters.py", line 696, in send
    resp = conn.urlopen(
           ^^^^^^^^^^^^^
  File "C:\Users\acer\Downloads\Resume-AI-1\backend\.venv\Lib\site-packages\opentelemetry\instrumentation\urllib3\__init__.py", line 226, in instrumented_urlopen
    return wrapped(*args, **kwargs)
           ^^^^^^^^^^^^^^^^^^^^^^^^
  File "C:\Users\acer\Downloads\Resume-AI-1\backend\.venv\Lib\site-packages\urllib3\connectionpool.py", line 842, in urlopen
    retries = retries.increment(
              ^^^^^^^^^^^^^^^^^^
  File "C:\Users\acer\Downloads\Resume-AI-1\backend\.venv\Lib\site-packages\urllib3\util\retry.py", line 543, in increment
    raise MaxRetryError(_pool, url, reason) from reason  # type: ignore[arg-type]
    ^^^^^^^^^^^^^^^^^^^^^^^^^^^^^^^^^^^^^^^^^^^^^^^^^^^
urllib3.exceptions.MaxRetryError: HTTPConnectionPool(host='jaeger-service.resumatch-ai.svc.cluster.local', port=4318): Max retries exceeded with url: /v1/traces (Caused by NameResolutionError("HTTPConnection(host='jaeger-service.resumatch-ai.svc.cluster.local', port=4318): Failed to resolve 'jaeger-service.resumatch-ai.svc.cluster.local' ([Errno 11001] getaddrinfo failed)"))

During handling of the above exception, another exception occurred:

Traceback (most recent call last):
  File "C:\Users\acer\Downloads\Resume-AI-1\backend\.venv\Lib\site-packages\opentelemetry\sdk\trace\export\__init__.py", line 367, in _export_batch
    self.span_exporter.export(self.spans_list[:idx])  # type: ignore
    ^^^^^^^^^^^^^^^^^^^^^^^^^^^^^^^^^^^^^^^^^^^^^^^^
  File "C:\Users\acer\Downloads\Resume-AI-1\backend\.venv\Lib\site-packages\opentelemetry\exporter\otlp\proto\http\trace_exporter\__init__.py", line 169, in export
    return self._export_serialized_spans(serialized_data)
           ^^^^^^^^^^^^^^^^^^^^^^^^^^^^^^^^^^^^^^^^^^^^^^
  File "C:\Users\acer\Downloads\Resume-AI-1\backend\.venv\Lib\site-packages\opentelemetry\exporter\otlp\proto\http\trace_exporter\__init__.py", line 139, in _export_serialized_spans
    resp = self._export(serialized_data)
           ^^^^^^^^^^^^^^^^^^^^^^^^^^^^^
  File "C:\Users\acer\Downloads\Resume-AI-1\backend\.venv\Lib\site-packages\opentelemetry\exporter\otlp\proto\http\trace_exporter\__init__.py", line 114, in _export
    return self._session.post(
           ^^^^^^^^^^^^^^^^^^^
  File "C:\Users\acer\Downloads\Resume-AI-1\backend\.venv\Lib\site-packages\requests\sessions.py", line 712, in post
    return self.request("POST", url, data=data, json=json, **kwargs)
           ^^^^^^^^^^^^^^^^^^^^^^^^^^^^^^^^^^^^^^^^^^^^^^^^^^^^^^^^^
  File "C:\Users\acer\Downloads\Resume-AI-1\backend\.venv\Lib\site-packages\requests\sessions.py", line 651, in request
    resp = self.send(prep, **send_kwargs)
           ^^^^^^^^^^^^^^^^^^^^^^^^^^^^^^
  File "C:\Users\acer\Downloads\Resume-AI-1\backend\.venv\Lib\site-packages\opentelemetry\instrumentation\requests\__init__.py", line 152, in instrumented_send
    return wrapped_send(self, request, **kwargs)
           ^^^^^^^^^^^^^^^^^^^^^^^^^^^^^^^^^^^^^
  File "C:\Users\acer\Downloads\Resume-AI-1\backend\.venv\Lib\site-packages\requests\sessions.py", line 784, in send
    r = adapter.send(request, **kwargs)
        ^^^^^^^^^^^^^^^^^^^^^^^^^^^^^^^
  File "C:\Users\acer\Downloads\Resume-AI-1\backend\.venv\Lib\site-packages\requests\adapters.py", line 729, in send
    raise ConnectionError(e, request=request)
requests.exceptions.ConnectionError: HTTPConnectionPool(host='jaeger-service.resumatch-ai.svc.cluster.local', port=4318): Max retries exceeded with url: /v1/traces (Caused by NameResolutionError("HTTPConnection(host='jaeger-service.resumatch-ai.svc.cluster.local', port=4318): Failed to resolve 'jaeger-service.resumatch-ai.svc.cluster.local' ([Errno 11001] getaddrinfo failed)"))
2026-08-03 20:49:35,615 - httpx - INFO - [_client.py:1740] - HTTP Request: GET https://fukxrsqmulucvfvowcou.supabase.co/auth/v1/user "HTTP/1.1 200 OK"
2026-08-03 20:49:39,530 - opentelemetry.sdk.trace.export - ERROR - [__init__.py:369] - Exception while exporting Span batch.
Traceback (most recent call last):
  File "C:\Users\acer\Downloads\Resume-AI-1\backend\.venv\Lib\site-packages\urllib3\connection.py", line 204, in _new_conn
    sock = connection.create_connection(
           ^^^^^^^^^^^^^^^^^^^^^^^^^^^^^
  File "C:\Users\acer\Downloads\Resume-AI-1\backend\.venv\Lib\site-packages\urllib3\util\connection.py", line 60, in create_connection
    for res in socket.getaddrinfo(host, port, family, socket.SOCK_STREAM):
               ^^^^^^^^^^^^^^^^^^^^^^^^^^^^^^^^^^^^^^^^^^^^^^^^^^^^^^^^^^
  File "C:\Python312\Lib\socket.py", line 963, in getaddrinfo
    for res in _socket.getaddrinfo(host, port, family, type, proto, flags):
               ^^^^^^^^^^^^^^^^^^^^^^^^^^^^^^^^^^^^^^^^^^^^^^^^^^^^^^^^^^^
socket.gaierror: [Errno 11001] getaddrinfo failed

The above exception was the direct cause of the following exception:

Traceback (most recent call last):
  File "C:\Users\acer\Downloads\Resume-AI-1\backend\.venv\Lib\site-packages\urllib3\connectionpool.py", line 788, in urlopen
    response = self._make_request(
               ^^^^^^^^^^^^^^^^^^^
  File "C:\Users\acer\Downloads\Resume-AI-1\backend\.venv\Lib\site-packages\urllib3\connectionpool.py", line 493, in _make_request
    conn.request(
  File "C:\Users\acer\Downloads\Resume-AI-1\backend\.venv\Lib\site-packages\urllib3\connection.py", line 500, in request
    self.endheaders()
  File "C:\Python312\Lib\http\client.py", line 1314, in endheaders
    self._send_output(message_body, encode_chunked=encode_chunked)
  File "C:\Python312\Lib\http\client.py", line 1074, in _send_output
    self.send(msg)
  File "C:\Python312\Lib\http\client.py", line 1018, in send
    self.connect()
  File "C:\Users\acer\Downloads\Resume-AI-1\backend\.venv\Lib\site-packages\urllib3\connection.py", line 331, in connect
    self.sock = self._new_conn()
                ^^^^^^^^^^^^^^^^
  File "C:\Users\acer\Downloads\Resume-AI-1\backend\.venv\Lib\site-packages\urllib3\connection.py", line 211, in _new_conn
    raise NameResolutionError(self.host, self, e) from e
urllib3.exceptions.NameResolutionError: HTTPConnection(host='jaeger-service.resumatch-ai.svc.cluster.local', port=4318): Failed to resolve 'jaeger-service.resumatch-ai.svc.cluster.local' ([Errno 11001] getaddrinfo failed)

The above exception was the direct cause of the following exception:

Traceback (most recent call last):
  File "C:\Users\acer\Downloads\Resume-AI-1\backend\.venv\Lib\site-packages\requests\adapters.py", line 696, in send
    resp = conn.urlopen(
           ^^^^^^^^^^^^^
  File "C:\Users\acer\Downloads\Resume-AI-1\backend\.venv\Lib\site-packages\opentelemetry\instrumentation\urllib3\__init__.py", line 226, in instrumented_urlopen
    return wrapped(*args, **kwargs)
           ^^^^^^^^^^^^^^^^^^^^^^^^
  File "C:\Users\acer\Downloads\Resume-AI-1\backend\.venv\Lib\site-packages\urllib3\connectionpool.py", line 842, in urlopen
    retries = retries.increment(
              ^^^^^^^^^^^^^^^^^^
  File "C:\Users\acer\Downloads\Resume-AI-1\backend\.venv\Lib\site-packages\urllib3\util\retry.py", line 543, in increment
    raise MaxRetryError(_pool, url, reason) from reason  # type: ignore[arg-type]
    ^^^^^^^^^^^^^^^^^^^^^^^^^^^^^^^^^^^^^^^^^^^^^^^^^^^
urllib3.exceptions.MaxRetryError: HTTPConnectionPool(host='jaeger-service.resumatch-ai.svc.cluster.local', port=4318): Max retries exceeded with url: /v1/traces (Caused by NameResolutionError("HTTPConnection(host='jaeger-service.resumatch-ai.svc.cluster.local', port=4318): Failed to resolve 'jaeger-service.resumatch-ai.svc.cluster.local' ([Errno 11001] getaddrinfo failed)"))

During handling of the above exception, another exception occurred:

Traceback (most recent call last):
  File "C:\Users\acer\Downloads\Resume-AI-1\backend\.venv\Lib\site-packages\opentelemetry\sdk\trace\export\__init__.py", line 367, in _export_batch
    self.span_exporter.export(self.spans_list[:idx])  # type: ignore
    ^^^^^^^^^^^^^^^^^^^^^^^^^^^^^^^^^^^^^^^^^^^^^^^^
  File "C:\Users\acer\Downloads\Resume-AI-1\backend\.venv\Lib\site-packages\opentelemetry\exporter\otlp\proto\http\trace_exporter\__init__.py", line 169, in export
    return self._export_serialized_spans(serialized_data)
           ^^^^^^^^^^^^^^^^^^^^^^^^^^^^^^^^^^^^^^^^^^^^^^
  File "C:\Users\acer\Downloads\Resume-AI-1\backend\.venv\Lib\site-packages\opentelemetry\exporter\otlp\proto\http\trace_exporter\__init__.py", line 139, in _export_serialized_spans
    resp = self._export(serialized_data)
           ^^^^^^^^^^^^^^^^^^^^^^^^^^^^^
  File "C:\Users\acer\Downloads\Resume-AI-1\backend\.venv\Lib\site-packages\opentelemetry\exporter\otlp\proto\http\trace_exporter\__init__.py", line 114, in _export
    return self._session.post(
           ^^^^^^^^^^^^^^^^^^^
  File "C:\Users\acer\Downloads\Resume-AI-1\backend\.venv\Lib\site-packages\requests\sessions.py", line 712, in post
    return self.request("POST", url, data=data, json=json, **kwargs)
           ^^^^^^^^^^^^^^^^^^^^^^^^^^^^^^^^^^^^^^^^^^^^^^^^^^^^^^^^^
  File "C:\Users\acer\Downloads\Resume-AI-1\backend\.venv\Lib\site-packages\requests\sessions.py", line 651, in request
    resp = self.send(prep, **send_kwargs)
           ^^^^^^^^^^^^^^^^^^^^^^^^^^^^^^
  File "C:\Users\acer\Downloads\Resume-AI-1\backend\.venv\Lib\site-packages\opentelemetry\instrumentation\requests\__init__.py", line 152, in instrumented_send
    return wrapped_send(self, request, **kwargs)
           ^^^^^^^^^^^^^^^^^^^^^^^^^^^^^^^^^^^^^
  File "C:\Users\acer\Downloads\Resume-AI-1\backend\.venv\Lib\site-packages\requests\sessions.py", line 784, in send
    r = adapter.send(request, **kwargs)
        ^^^^^^^^^^^^^^^^^^^^^^^^^^^^^^^
  File "C:\Users\acer\Downloads\Resume-AI-1\backend\.venv\Lib\site-packages\requests\adapters.py", line 729, in send
    raise ConnectionError(e, request=request)
requests.exceptions.ConnectionError: HTTPConnectionPool(host='jaeger-service.resumatch-ai.svc.cluster.local', port=4318): Max retries exceeded with url: /v1/traces (Caused by NameResolutionError("HTTPConnection(host='jaeger-service.resumatch-ai.svc.cluster.local', port=4318): Failed to resolve 'jaeger-service.resumatch-ai.svc.cluster.local' ([Errno 11001] getaddrinfo failed)"))
2026-08-03 20:52:14,154 - httpx - INFO - [_client.py:1740] - HTTP Request: GET https://fukxrsqmulucvfvowcou.supabase.co/auth/v1/user "HTTP/1.1 200 OK"
2026-08-03 20:52:14,154 - httpx - INFO - [_client.py:1740] - HTTP Request: GET https://fukxrsqmulucvfvowcou.supabase.co/auth/v1/user "HTTP/1.1 200 OK"
2026-08-03 20:52:14,817 - opentelemetry.sdk.trace.export - ERROR - [__init__.py:369] - Exception while exporting Span batch.
Traceback (most recent call last):
  File "C:\Users\acer\Downloads\Resume-AI-1\backend\.venv\Lib\site-packages\urllib3\connection.py", line 204, in _new_conn
    sock = connection.create_connection(
           ^^^^^^^^^^^^^^^^^^^^^^^^^^^^^
  File "C:\Users\acer\Downloads\Resume-AI-1\backend\.venv\Lib\site-packages\urllib3\util\connection.py", line 60, in create_connection
    for res in socket.getaddrinfo(host, port, family, socket.SOCK_STREAM):
               ^^^^^^^^^^^^^^^^^^^^^^^^^^^^^^^^^^^^^^^^^^^^^^^^^^^^^^^^^^
  File "C:\Python312\Lib\socket.py", line 963, in getaddrinfo
    for res in _socket.getaddrinfo(host, port, family, type, proto, flags):
               ^^^^^^^^^^^^^^^^^^^^^^^^^^^^^^^^^^^^^^^^^^^^^^^^^^^^^^^^^^^
socket.gaierror: [Errno 11001] getaddrinfo failed

The above exception was the direct cause of the following exception:

Traceback (most recent call last):
  File "C:\Users\acer\Downloads\Resume-AI-1\backend\.venv\Lib\site-packages\urllib3\connectionpool.py", line 788, in urlopen
    response = self._make_request(
               ^^^^^^^^^^^^^^^^^^^
  File "C:\Users\acer\Downloads\Resume-AI-1\backend\.venv\Lib\site-packages\urllib3\connectionpool.py", line 493, in _make_request
    conn.request(
  File "C:\Users\acer\Downloads\Resume-AI-1\backend\.venv\Lib\site-packages\urllib3\connection.py", line 500, in request
    self.endheaders()
  File "C:\Python312\Lib\http\client.py", line 1314, in endheaders
    self._send_output(message_body, encode_chunked=encode_chunked)
  File "C:\Python312\Lib\http\client.py", line 1074, in _send_output
    self.send(msg)
  File "C:\Python312\Lib\http\client.py", line 1018, in send
    self.connect()
  File "C:\Users\acer\Downloads\Resume-AI-1\backend\.venv\Lib\site-packages\urllib3\connection.py", line 331, in connect
    self.sock = self._new_conn()
                ^^^^^^^^^^^^^^^^
  File "C:\Users\acer\Downloads\Resume-AI-1\backend\.venv\Lib\site-packages\urllib3\connection.py", line 211, in _new_conn
    raise NameResolutionError(self.host, self, e) from e
urllib3.exceptions.NameResolutionError: HTTPConnection(host='jaeger-service.resumatch-ai.svc.cluster.local', port=4318): Failed to resolve 'jaeger-service.resumatch-ai.svc.cluster.local' ([Errno 11001] getaddrinfo failed)

The above exception was the direct cause of the following exception:

Traceback (most recent call last):
  File "C:\Users\acer\Downloads\Resume-AI-1\backend\.venv\Lib\site-packages\requests\adapters.py", line 696, in send
    resp = conn.urlopen(
           ^^^^^^^^^^^^^
  File "C:\Users\acer\Downloads\Resume-AI-1\backend\.venv\Lib\site-packages\opentelemetry\instrumentation\urllib3\__init__.py", line 226, in instrumented_urlopen
    return wrapped(*args, **kwargs)
           ^^^^^^^^^^^^^^^^^^^^^^^^
  File "C:\Users\acer\Downloads\Resume-AI-1\backend\.venv\Lib\site-packages\urllib3\connectionpool.py", line 842, in urlopen
    retries = retries.increment(
              ^^^^^^^^^^^^^^^^^^
  File "C:\Users\acer\Downloads\Resume-AI-1\backend\.venv\Lib\site-packages\urllib3\util\retry.py", line 543, in increment
    raise MaxRetryError(_pool, url, reason) from reason  # type: ignore[arg-type]
    ^^^^^^^^^^^^^^^^^^^^^^^^^^^^^^^^^^^^^^^^^^^^^^^^^^^
urllib3.exceptions.MaxRetryError: HTTPConnectionPool(host='jaeger-service.resumatch-ai.svc.cluster.local', port=4318): Max retries exceeded with url: /v1/traces (Caused by NameResolutionError("HTTPConnection(host='jaeger-service.resumatch-ai.svc.cluster.local', port=4318): Failed to resolve 'jaeger-service.resumatch-ai.svc.cluster.local' ([Errno 11001] getaddrinfo failed)"))

During handling of the above exception, another exception occurred:

Traceback (most recent call last):
  File "C:\Users\acer\Downloads\Resume-AI-1\backend\.venv\Lib\site-packages\opentelemetry\sdk\trace\export\__init__.py", line 367, in _export_batch
    self.span_exporter.export(self.spans_list[:idx])  # type: ignore
    ^^^^^^^^^^^^^^^^^^^^^^^^^^^^^^^^^^^^^^^^^^^^^^^^
  File "C:\Users\acer\Downloads\Resume-AI-1\backend\.venv\Lib\site-packages\opentelemetry\exporter\otlp\proto\http\trace_exporter\__init__.py", line 169, in export
    return self._export_serialized_spans(serialized_data)
           ^^^^^^^^^^^^^^^^^^^^^^^^^^^^^^^^^^^^^^^^^^^^^^
  File "C:\Users\acer\Downloads\Resume-AI-1\backend\.venv\Lib\site-packages\opentelemetry\exporter\otlp\proto\http\trace_exporter\__init__.py", line 139, in _export_serialized_spans
    resp = self._export(serialized_data)
           ^^^^^^^^^^^^^^^^^^^^^^^^^^^^^
  File "C:\Users\acer\Downloads\Resume-AI-1\backend\.venv\Lib\site-packages\opentelemetry\exporter\otlp\proto\http\trace_exporter\__init__.py", line 114, in _export
    return self._session.post(
           ^^^^^^^^^^^^^^^^^^^
  File "C:\Users\acer\Downloads\Resume-AI-1\backend\.venv\Lib\site-packages\requests\sessions.py", line 712, in post
    return self.request("POST", url, data=data, json=json, **kwargs)
           ^^^^^^^^^^^^^^^^^^^^^^^^^^^^^^^^^^^^^^^^^^^^^^^^^^^^^^^^^
  File "C:\Users\acer\Downloads\Resume-AI-1\backend\.venv\Lib\site-packages\requests\sessions.py", line 651, in request
    resp = self.send(prep, **send_kwargs)
           ^^^^^^^^^^^^^^^^^^^^^^^^^^^^^^
  File "C:\Users\acer\Downloads\Resume-AI-1\backend\.venv\Lib\site-packages\opentelemetry\instrumentation\requests\__init__.py", line 152, in instrumented_send
    return wrapped_send(self, request, **kwargs)
           ^^^^^^^^^^^^^^^^^^^^^^^^^^^^^^^^^^^^^
  File "C:\Users\acer\Downloads\Resume-AI-1\backend\.venv\Lib\site-packages\requests\sessions.py", line 784, in send
    r = adapter.send(request, **kwargs)
        ^^^^^^^^^^^^^^^^^^^^^^^^^^^^^^^
  File "C:\Users\acer\Downloads\Resume-AI-1\backend\.venv\Lib\site-packages\requests\adapters.py", line 729, in send
    raise ConnectionError(e, request=request)
requests.exceptions.ConnectionError: HTTPConnectionPool(host='jaeger-service.resumatch-ai.svc.cluster.local', port=4318): Max retries exceeded with url: /v1/traces (Caused by NameResolutionError("HTTPConnection(host='jaeger-service.resumatch-ai.svc.cluster.local', port=4318): Failed to resolve 'jaeger-service.resumatch-ai.svc.cluster.local' ([Errno 11001] getaddrinfo failed)"))
2026-08-03 20:56:11,595 - httpx - INFO - [_client.py:1740] - HTTP Request: GET https://fukxrsqmulucvfvowcou.supabase.co/auth/v1/user "HTTP/1.1 200 OK"
2026-08-03 20:56:11,720 - httpx - INFO - [_client.py:1740] - HTTP Request: GET https://fukxrsqmulucvfvowcou.supabase.co/auth/v1/user "HTTP/1.1 200 OK"
2026-08-03 20:56:15,081 - opentelemetry.sdk.trace.export - ERROR - [__init__.py:369] - Exception while exporting Span batch.
Traceback (most recent call last):
  File "C:\Users\acer\Downloads\Resume-AI-1\backend\.venv\Lib\site-packages\urllib3\connection.py", line 204, in _new_conn
    sock = connection.create_connection(
           ^^^^^^^^^^^^^^^^^^^^^^^^^^^^^
  File "C:\Users\acer\Downloads\Resume-AI-1\backend\.venv\Lib\site-packages\urllib3\util\connection.py", line 60, in create_connection
    for res in socket.getaddrinfo(host, port, family, socket.SOCK_STREAM):
               ^^^^^^^^^^^^^^^^^^^^^^^^^^^^^^^^^^^^^^^^^^^^^^^^^^^^^^^^^^
  File "C:\Python312\Lib\socket.py", line 963, in getaddrinfo
    for res in _socket.getaddrinfo(host, port, family, type, proto, flags):
               ^^^^^^^^^^^^^^^^^^^^^^^^^^^^^^^^^^^^^^^^^^^^^^^^^^^^^^^^^^^
socket.gaierror: [Errno 11001] getaddrinfo failed

The above exception was the direct cause of the following exception:

Traceback (most recent call last):
  File "C:\Users\acer\Downloads\Resume-AI-1\backend\.venv\Lib\site-packages\urllib3\connectionpool.py", line 788, in urlopen
    response = self._make_request(
               ^^^^^^^^^^^^^^^^^^^
  File "C:\Users\acer\Downloads\Resume-AI-1\backend\.venv\Lib\site-packages\urllib3\connectionpool.py", line 493, in _make_request
    conn.request(
  File "C:\Users\acer\Downloads\Resume-AI-1\backend\.venv\Lib\site-packages\urllib3\connection.py", line 500, in request
    self.endheaders()
  File "C:\Python312\Lib\http\client.py", line 1314, in endheaders
    self._send_output(message_body, encode_chunked=encode_chunked)
  File "C:\Python312\Lib\http\client.py", line 1074, in _send_output
    self.send(msg)
  File "C:\Python312\Lib\http\client.py", line 1018, in send
    self.connect()
  File "C:\Users\acer\Downloads\Resume-AI-1\backend\.venv\Lib\site-packages\urllib3\connection.py", line 331, in connect
    self.sock = self._new_conn()
                ^^^^^^^^^^^^^^^^
  File "C:\Users\acer\Downloads\Resume-AI-1\backend\.venv\Lib\site-packages\urllib3\connection.py", line 211, in _new_conn
    raise NameResolutionError(self.host, self, e) from e
urllib3.exceptions.NameResolutionError: HTTPConnection(host='jaeger-service.resumatch-ai.svc.cluster.local', port=4318): Failed to resolve 'jaeger-service.resumatch-ai.svc.cluster.local' ([Errno 11001] getaddrinfo failed)

The above exception was the direct cause of the following exception:

Traceback (most recent call last):
  File "C:\Users\acer\Downloads\Resume-AI-1\backend\.venv\Lib\site-packages\requests\adapters.py", line 696, in send
    resp = conn.urlopen(
           ^^^^^^^^^^^^^
  File "C:\Users\acer\Downloads\Resume-AI-1\backend\.venv\Lib\site-packages\opentelemetry\instrumentation\urllib3\__init__.py", line 226, in instrumented_urlopen
    return wrapped(*args, **kwargs)
           ^^^^^^^^^^^^^^^^^^^^^^^^
  File "C:\Users\acer\Downloads\Resume-AI-1\backend\.venv\Lib\site-packages\urllib3\connectionpool.py", line 842, in urlopen
    retries = retries.increment(
              ^^^^^^^^^^^^^^^^^^
  File "C:\Users\acer\Downloads\Resume-AI-1\backend\.venv\Lib\site-packages\urllib3\util\retry.py", line 543, in increment
    raise MaxRetryError(_pool, url, reason) from reason  # type: ignore[arg-type]
    ^^^^^^^^^^^^^^^^^^^^^^^^^^^^^^^^^^^^^^^^^^^^^^^^^^^
urllib3.exceptions.MaxRetryError: HTTPConnectionPool(host='jaeger-service.resumatch-ai.svc.cluster.local', port=4318): Max retries exceeded with url: /v1/traces (Caused by NameResolutionError("HTTPConnection(host='jaeger-service.resumatch-ai.svc.cluster.local', port=4318): Failed to resolve 'jaeger-service.resumatch-ai.svc.cluster.local' ([Errno 11001] getaddrinfo failed)"))

During handling of the above exception, another exception occurred:

Traceback (most recent call last):
  File "C:\Users\acer\Downloads\Resume-AI-1\backend\.venv\Lib\site-packages\opentelemetry\sdk\trace\export\__init__.py", line 367, in _export_batch
    self.span_exporter.export(self.spans_list[:idx])  # type: ignore
    ^^^^^^^^^^^^^^^^^^^^^^^^^^^^^^^^^^^^^^^^^^^^^^^^
  File "C:\Users\acer\Downloads\Resume-AI-1\backend\.venv\Lib\site-packages\opentelemetry\exporter\otlp\proto\http\trace_exporter\__init__.py", line 169, in export
    return self._export_serialized_spans(serialized_data)
           ^^^^^^^^^^^^^^^^^^^^^^^^^^^^^^^^^^^^^^^^^^^^^^
  File "C:\Users\acer\Downloads\Resume-AI-1\backend\.venv\Lib\site-packages\opentelemetry\exporter\otlp\proto\http\trace_exporter\__init__.py", line 139, in _export_serialized_spans
    resp = self._export(serialized_data)
           ^^^^^^^^^^^^^^^^^^^^^^^^^^^^^
  File "C:\Users\acer\Downloads\Resume-AI-1\backend\.venv\Lib\site-packages\opentelemetry\exporter\otlp\proto\http\trace_exporter\__init__.py", line 114, in _export
    return self._session.post(
           ^^^^^^^^^^^^^^^^^^^
  File "C:\Users\acer\Downloads\Resume-AI-1\backend\.venv\Lib\site-packages\requests\sessions.py", line 712, in post
    return self.request("POST", url, data=data, json=json, **kwargs)
           ^^^^^^^^^^^^^^^^^^^^^^^^^^^^^^^^^^^^^^^^^^^^^^^^^^^^^^^^^
  File "C:\Users\acer\Downloads\Resume-AI-1\backend\.venv\Lib\site-packages\requests\sessions.py", line 651, in request
    resp = self.send(prep, **send_kwargs)
           ^^^^^^^^^^^^^^^^^^^^^^^^^^^^^^
  File "C:\Users\acer\Downloads\Resume-AI-1\backend\.venv\Lib\site-packages\opentelemetry\instrumentation\requests\__init__.py", line 152, in instrumented_send
    return wrapped_send(self, request, **kwargs)
           ^^^^^^^^^^^^^^^^^^^^^^^^^^^^^^^^^^^^^
  File "C:\Users\acer\Downloads\Resume-AI-1\backend\.venv\Lib\site-packages\requests\sessions.py", line 784, in send
    r = adapter.send(request, **kwargs)
        ^^^^^^^^^^^^^^^^^^^^^^^^^^^^^^^
  File "C:\Users\acer\Downloads\Resume-AI-1\backend\.venv\Lib\site-packages\requests\adapters.py", line 729, in send
    raise ConnectionError(e, request=request)
requests.exceptions.ConnectionError: HTTPConnectionPool(host='jaeger-service.resumatch-ai.svc.cluster.local', port=4318): Max retries exceeded with url: /v1/traces (Caused by NameResolutionError("HTTPConnection(host='jaeger-service.resumatch-ai.svc.cluster.local', port=4318): Failed to resolve 'jaeger-service.resumatch-ai.svc.cluster.local' ([Errno 11001] getaddrinfo failed)"))
2026-08-03 21:09:26,319 - opentelemetry.sdk.trace.export - ERROR - [__init__.py:369] - Exception while exporting Span batch.
Traceback (most recent call last):
  File "C:\Users\acer\Downloads\Resume-AI-1\backend\.venv\Lib\site-packages\urllib3\connection.py", line 204, in _new_conn
    sock = connection.create_connection(
           ^^^^^^^^^^^^^^^^^^^^^^^^^^^^^
  File "C:\Users\acer\Downloads\Resume-AI-1\backend\.venv\Lib\site-packages\urllib3\util\connection.py", line 60, in create_connection
    for res in socket.getaddrinfo(host, port, family, socket.SOCK_STREAM):
               ^^^^^^^^^^^^^^^^^^^^^^^^^^^^^^^^^^^^^^^^^^^^^^^^^^^^^^^^^^
  File "C:\Python312\Lib\socket.py", line 963, in getaddrinfo
    for res in _socket.getaddrinfo(host, port, family, type, proto, flags):
               ^^^^^^^^^^^^^^^^^^^^^^^^^^^^^^^^^^^^^^^^^^^^^^^^^^^^^^^^^^^
socket.gaierror: [Errno 11001] getaddrinfo failed

The above exception was the direct cause of the following exception:

Traceback (most recent call last):
  File "C:\Users\acer\Downloads\Resume-AI-1\backend\.venv\Lib\site-packages\urllib3\connectionpool.py", line 788, in urlopen
    response = self._make_request(
               ^^^^^^^^^^^^^^^^^^^
  File "C:\Users\acer\Downloads\Resume-AI-1\backend\.venv\Lib\site-packages\urllib3\connectionpool.py", line 493, in _make_request
    conn.request(
  File "C:\Users\acer\Downloads\Resume-AI-1\backend\.venv\Lib\site-packages\urllib3\connection.py", line 500, in request
    self.endheaders()
  File "C:\Python312\Lib\http\client.py", line 1314, in endheaders
    self._send_output(message_body, encode_chunked=encode_chunked)
  File "C:\Python312\Lib\http\client.py", line 1074, in _send_output
    self.send(msg)
  File "C:\Python312\Lib\http\client.py", line 1018, in send
    self.connect()
  File "C:\Users\acer\Downloads\Resume-AI-1\backend\.venv\Lib\site-packages\urllib3\connection.py", line 331, in connect
    self.sock = self._new_conn()
                ^^^^^^^^^^^^^^^^
  File "C:\Users\acer\Downloads\Resume-AI-1\backend\.venv\Lib\site-packages\urllib3\connection.py", line 211, in _new_conn
    raise NameResolutionError(self.host, self, e) from e
urllib3.exceptions.NameResolutionError: HTTPConnection(host='jaeger-service.resumatch-ai.svc.cluster.local', port=4318): Failed to resolve 'jaeger-service.resumatch-ai.svc.cluster.local' ([Errno 11001] getaddrinfo failed)

The above exception was the direct cause of the following exception:

Traceback (most recent call last):
  File "C:\Users\acer\Downloads\Resume-AI-1\backend\.venv\Lib\site-packages\requests\adapters.py", line 696, in send
    resp = conn.urlopen(
           ^^^^^^^^^^^^^
  File "C:\Users\acer\Downloads\Resume-AI-1\backend\.venv\Lib\site-packages\opentelemetry\instrumentation\urllib3\__init__.py", line 226, in instrumented_urlopen
    return wrapped(*args, **kwargs)
           ^^^^^^^^^^^^^^^^^^^^^^^^
  File "C:\Users\acer\Downloads\Resume-AI-1\backend\.venv\Lib\site-packages\urllib3\connectionpool.py", line 842, in urlopen
    retries = retries.increment(
              ^^^^^^^^^^^^^^^^^^
  File "C:\Users\acer\Downloads\Resume-AI-1\backend\.venv\Lib\site-packages\urllib3\util\retry.py", line 543, in increment
    raise MaxRetryError(_pool, url, reason) from reason  # type: ignore[arg-type]
    ^^^^^^^^^^^^^^^^^^^^^^^^^^^^^^^^^^^^^^^^^^^^^^^^^^^
urllib3.exceptions.MaxRetryError: HTTPConnectionPool(host='jaeger-service.resumatch-ai.svc.cluster.local', port=4318): Max retries exceeded with url: /v1/traces (Caused by NameResolutionError("HTTPConnection(host='jaeger-service.resumatch-ai.svc.cluster.local', port=4318): Failed to resolve 'jaeger-service.resumatch-ai.svc.cluster.local' ([Errno 11001] getaddrinfo failed)"))

During handling of the above exception, another exception occurred:

Traceback (most recent call last):
  File "C:\Users\acer\Downloads\Resume-AI-1\backend\.venv\Lib\site-packages\opentelemetry\sdk\trace\export\__init__.py", line 367, in _export_batch
    self.span_exporter.export(self.spans_list[:idx])  # type: ignore
    ^^^^^^^^^^^^^^^^^^^^^^^^^^^^^^^^^^^^^^^^^^^^^^^^
  File "C:\Users\acer\Downloads\Resume-AI-1\backend\.venv\Lib\site-packages\opentelemetry\exporter\otlp\proto\http\trace_exporter\__init__.py", line 169, in export
    return self._export_serialized_spans(serialized_data)
           ^^^^^^^^^^^^^^^^^^^^^^^^^^^^^^^^^^^^^^^^^^^^^^
  File "C:\Users\acer\Downloads\Resume-AI-1\backend\.venv\Lib\site-packages\opentelemetry\exporter\otlp\proto\http\trace_exporter\__init__.py", line 139, in _export_serialized_spans
    resp = self._export(serialized_data)
           ^^^^^^^^^^^^^^^^^^^^^^^^^^^^^
  File "C:\Users\acer\Downloads\Resume-AI-1\backend\.venv\Lib\site-packages\opentelemetry\exporter\otlp\proto\http\trace_exporter\__init__.py", line 114, in _export
    return self._session.post(
           ^^^^^^^^^^^^^^^^^^^
  File "C:\Users\acer\Downloads\Resume-AI-1\backend\.venv\Lib\site-packages\requests\sessions.py", line 712, in post
    return self.request("POST", url, data=data, json=json, **kwargs)
           ^^^^^^^^^^^^^^^^^^^^^^^^^^^^^^^^^^^^^^^^^^^^^^^^^^^^^^^^^
  File "C:\Users\acer\Downloads\Resume-AI-1\backend\.venv\Lib\site-packages\requests\sessions.py", line 651, in request
    resp = self.send(prep, **send_kwargs)
           ^^^^^^^^^^^^^^^^^^^^^^^^^^^^^^
  File "C:\Users\acer\Downloads\Resume-AI-1\backend\.venv\Lib\site-packages\opentelemetry\instrumentation\requests\__init__.py", line 152, in instrumented_send
    return wrapped_send(self, request, **kwargs)
           ^^^^^^^^^^^^^^^^^^^^^^^^^^^^^^^^^^^^^
  File "C:\Users\acer\Downloads\Resume-AI-1\backend\.venv\Lib\site-packages\requests\sessions.py", line 784, in send
    r = adapter.send(request, **kwargs)
        ^^^^^^^^^^^^^^^^^^^^^^^^^^^^^^^
  File "C:\Users\acer\Downloads\Resume-AI-1\backend\.venv\Lib\site-packages\requests\adapters.py", line 729, in send
    raise ConnectionError(e, request=request)
requests.exceptions.ConnectionError: HTTPConnectionPool(host='jaeger-service.resumatch-ai.svc.cluster.local', port=4318): Max retries exceeded with url: /v1/traces (Caused by NameResolutionError("HTTPConnection(host='jaeger-service.resumatch-ai.svc.cluster.local', port=4318): Failed to resolve 'jaeger-service.resumatch-ai.svc.cluster.local' ([Errno 11001] getaddrinfo failed)"))
2026-08-03 21:09:33,579 - httpx - INFO - [_client.py:1740] - HTTP Request: GET https://fukxrsqmulucvfvowcou.supabase.co/auth/v1/user "HTTP/1.1 200 OK"
2026-08-03 21:09:33,766 - httpx - INFO - [_client.py:1740] - HTTP Request: GET https://fukxrsqmulucvfvowcou.supabase.co/auth/v1/user "HTTP/1.1 200 OK"
2026-08-03 21:09:35,845 - httpx - INFO - [_client.py:1740] - HTTP Request: GET https://fukxrsqmulucvfvowcou.supabase.co/auth/v1/user "HTTP/1.1 200 OK"
2026-08-03 21:09:36,331 - opentelemetry.sdk.trace.export - ERROR - [__init__.py:369] - Exception while exporting Span batch.
Traceback (most recent call last):
  File "C:\Users\acer\Downloads\Resume-AI-1\backend\.venv\Lib\site-packages\urllib3\connection.py", line 204, in _new_conn
    sock = connection.create_connection(
           ^^^^^^^^^^^^^^^^^^^^^^^^^^^^^
  File "C:\Users\acer\Downloads\Resume-AI-1\backend\.venv\Lib\site-packages\urllib3\util\connection.py", line 60, in create_connection
    for res in socket.getaddrinfo(host, port, family, socket.SOCK_STREAM):
               ^^^^^^^^^^^^^^^^^^^^^^^^^^^^^^^^^^^^^^^^^^^^^^^^^^^^^^^^^^
  File "C:\Python312\Lib\socket.py", line 963, in getaddrinfo
    for res in _socket.getaddrinfo(host, port, family, type, proto, flags):
               ^^^^^^^^^^^^^^^^^^^^^^^^^^^^^^^^^^^^^^^^^^^^^^^^^^^^^^^^^^^
socket.gaierror: [Errno 11001] getaddrinfo failed

The above exception was the direct cause of the following exception:

Traceback (most recent call last):
  File "C:\Users\acer\Downloads\Resume-AI-1\backend\.venv\Lib\site-packages\urllib3\connectionpool.py", line 788, in urlopen
    response = self._make_request(
               ^^^^^^^^^^^^^^^^^^^
  File "C:\Users\acer\Downloads\Resume-AI-1\backend\.venv\Lib\site-packages\urllib3\connectionpool.py", line 493, in _make_request
    conn.request(
  File "C:\Users\acer\Downloads\Resume-AI-1\backend\.venv\Lib\site-packages\urllib3\connection.py", line 500, in request
    self.endheaders()
  File "C:\Python312\Lib\http\client.py", line 1314, in endheaders
    self._send_output(message_body, encode_chunked=encode_chunked)
  File "C:\Python312\Lib\http\client.py", line 1074, in _send_output
    self.send(msg)
  File "C:\Python312\Lib\http\client.py", line 1018, in send
    self.connect()
  File "C:\Users\acer\Downloads\Resume-AI-1\backend\.venv\Lib\site-packages\urllib3\connection.py", line 331, in connect
    self.sock = self._new_conn()
                ^^^^^^^^^^^^^^^^
  File "C:\Users\acer\Downloads\Resume-AI-1\backend\.venv\Lib\site-packages\urllib3\connection.py", line 211, in _new_conn
    raise NameResolutionError(self.host, self, e) from e
urllib3.exceptions.NameResolutionError: HTTPConnection(host='jaeger-service.resumatch-ai.svc.cluster.local', port=4318): Failed to resolve 'jaeger-service.resumatch-ai.svc.cluster.local' ([Errno 11001] getaddrinfo failed)

The above exception was the direct cause of the following exception:

Traceback (most recent call last):
  File "C:\Users\acer\Downloads\Resume-AI-1\backend\.venv\Lib\site-packages\requests\adapters.py", line 696, in send
    resp = conn.urlopen(
           ^^^^^^^^^^^^^
  File "C:\Users\acer\Downloads\Resume-AI-1\backend\.venv\Lib\site-packages\opentelemetry\instrumentation\urllib3\__init__.py", line 226, in instrumented_urlopen
    return wrapped(*args, **kwargs)
           ^^^^^^^^^^^^^^^^^^^^^^^^
  File "C:\Users\acer\Downloads\Resume-AI-1\backend\.venv\Lib\site-packages\urllib3\connectionpool.py", line 842, in urlopen
    retries = retries.increment(
              ^^^^^^^^^^^^^^^^^^
  File "C:\Users\acer\Downloads\Resume-AI-1\backend\.venv\Lib\site-packages\urllib3\util\retry.py", line 543, in increment
    raise MaxRetryError(_pool, url, reason) from reason  # type: ignore[arg-type]
    ^^^^^^^^^^^^^^^^^^^^^^^^^^^^^^^^^^^^^^^^^^^^^^^^^^^
urllib3.exceptions.MaxRetryError: HTTPConnectionPool(host='jaeger-service.resumatch-ai.svc.cluster.local', port=4318): Max retries exceeded with url: /v1/traces (Caused by NameResolutionError("HTTPConnection(host='jaeger-service.resumatch-ai.svc.cluster.local', port=4318): Failed to resolve 'jaeger-service.resumatch-ai.svc.cluster.local' ([Errno 11001] getaddrinfo failed)"))

During handling of the above exception, another exception occurred:

Traceback (most recent call last):
  File "C:\Users\acer\Downloads\Resume-AI-1\backend\.venv\Lib\site-packages\opentelemetry\sdk\trace\export\__init__.py", line 367, in _export_batch
    self.span_exporter.export(self.spans_list[:idx])  # type: ignore
    ^^^^^^^^^^^^^^^^^^^^^^^^^^^^^^^^^^^^^^^^^^^^^^^^
  File "C:\Users\acer\Downloads\Resume-AI-1\backend\.venv\Lib\site-packages\opentelemetry\exporter\otlp\proto\http\trace_exporter\__init__.py", line 169, in export
    return self._export_serialized_spans(serialized_data)
           ^^^^^^^^^^^^^^^^^^^^^^^^^^^^^^^^^^^^^^^^^^^^^^
  File "C:\Users\acer\Downloads\Resume-AI-1\backend\.venv\Lib\site-packages\opentelemetry\exporter\otlp\proto\http\trace_exporter\__init__.py", line 139, in _export_serialized_spans
    resp = self._export(serialized_data)
           ^^^^^^^^^^^^^^^^^^^^^^^^^^^^^
  File "C:\Users\acer\Downloads\Resume-AI-1\backend\.venv\Lib\site-packages\opentelemetry\exporter\otlp\proto\http\trace_exporter\__init__.py", line 114, in _export
    return self._session.post(
           ^^^^^^^^^^^^^^^^^^^
  File "C:\Users\acer\Downloads\Resume-AI-1\backend\.venv\Lib\site-packages\requests\sessions.py", line 712, in post
    return self.request("POST", url, data=data, json=json, **kwargs)
           ^^^^^^^^^^^^^^^^^^^^^^^^^^^^^^^^^^^^^^^^^^^^^^^^^^^^^^^^^
  File "C:\Users\acer\Downloads\Resume-AI-1\backend\.venv\Lib\site-packages\requests\sessions.py", line 651, in request
    resp = self.send(prep, **send_kwargs)
           ^^^^^^^^^^^^^^^^^^^^^^^^^^^^^^
  File "C:\Users\acer\Downloads\Resume-AI-1\backend\.venv\Lib\site-packages\opentelemetry\instrumentation\requests\__init__.py", line 152, in instrumented_send
    return wrapped_send(self, request, **kwargs)
           ^^^^^^^^^^^^^^^^^^^^^^^^^^^^^^^^^^^^^
  File "C:\Users\acer\Downloads\Resume-AI-1\backend\.venv\Lib\site-packages\requests\sessions.py", line 784, in send
    r = adapter.send(request, **kwargs)
        ^^^^^^^^^^^^^^^^^^^^^^^^^^^^^^^
  File "C:\Users\acer\Downloads\Resume-AI-1\backend\.venv\Lib\site-packages\requests\adapters.py", line 729, in send
    raise ConnectionError(e, request=request)
requests.exceptions.ConnectionError: HTTPConnectionPool(host='jaeger-service.resumatch-ai.svc.cluster.local', port=4318): Max retries exceeded with url: /v1/traces (Caused by NameResolutionError("HTTPConnection(host='jaeger-service.resumatch-ai.svc.cluster.local', port=4318): Failed to resolve 'jaeger-service.resumatch-ai.svc.cluster.local' ([Errno 11001] getaddrinfo failed)"))
2026-08-03 21:09:36,691 - httpx - INFO - [_client.py:1740] - HTTP Request: GET https://fukxrsqmulucvfvowcou.supabase.co/auth/v1/user "HTTP/1.1 200 OK"
2026-08-03 21:09:37,242 - httpx - INFO - [_client.py:1740] - HTTP Request: GET https://fukxrsqmulucvfvowcou.supabase.co/auth/v1/user "HTTP/1.1 200 OK"
2026-08-03 21:09:41,374 - opentelemetry.sdk.trace.export - ERROR - [__init__.py:369] - Exception while exporting Span batch.
Traceback (most recent call last):
  File "C:\Users\acer\Downloads\Resume-AI-1\backend\.venv\Lib\site-packages\urllib3\connection.py", line 204, in _new_conn
    sock = connection.create_connection(
           ^^^^^^^^^^^^^^^^^^^^^^^^^^^^^
  File "C:\Users\acer\Downloads\Resume-AI-1\backend\.venv\Lib\site-packages\urllib3\util\connection.py", line 60, in create_connection
    for res in socket.getaddrinfo(host, port, family, socket.SOCK_STREAM):
               ^^^^^^^^^^^^^^^^^^^^^^^^^^^^^^^^^^^^^^^^^^^^^^^^^^^^^^^^^^
  File "C:\Python312\Lib\socket.py", line 963, in getaddrinfo
    for res in _socket.getaddrinfo(host, port, family, type, proto, flags):
               ^^^^^^^^^^^^^^^^^^^^^^^^^^^^^^^^^^^^^^^^^^^^^^^^^^^^^^^^^^^
socket.gaierror: [Errno 11001] getaddrinfo failed

The above exception was the direct cause of the following exception:

Traceback (most recent call last):
  File "C:\Users\acer\Downloads\Resume-AI-1\backend\.venv\Lib\site-packages\urllib3\connectionpool.py", line 788, in urlopen
    response = self._make_request(
               ^^^^^^^^^^^^^^^^^^^
  File "C:\Users\acer\Downloads\Resume-AI-1\backend\.venv\Lib\site-packages\urllib3\connectionpool.py", line 493, in _make_request
    conn.request(
  File "C:\Users\acer\Downloads\Resume-AI-1\backend\.venv\Lib\site-packages\urllib3\connection.py", line 500, in request
    self.endheaders()
  File "C:\Python312\Lib\http\client.py", line 1314, in endheaders
    self._send_output(message_body, encode_chunked=encode_chunked)
  File "C:\Python312\Lib\http\client.py", line 1074, in _send_output
    self.send(msg)
  File "C:\Python312\Lib\http\client.py", line 1018, in send
    self.connect()
  File "C:\Users\acer\Downloads\Resume-AI-1\backend\.venv\Lib\site-packages\urllib3\connection.py", line 331, in connect
    self.sock = self._new_conn()
                ^^^^^^^^^^^^^^^^
  File "C:\Users\acer\Downloads\Resume-AI-1\backend\.venv\Lib\site-packages\urllib3\connection.py", line 211, in _new_conn
    raise NameResolutionError(self.host, self, e) from e
urllib3.exceptions.NameResolutionError: HTTPConnection(host='jaeger-service.resumatch-ai.svc.cluster.local', port=4318): Failed to resolve 'jaeger-service.resumatch-ai.svc.cluster.local' ([Errno 11001] getaddrinfo failed)

The above exception was the direct cause of the following exception:

Traceback (most recent call last):
  File "C:\Users\acer\Downloads\Resume-AI-1\backend\.venv\Lib\site-packages\requests\adapters.py", line 696, in send
    resp = conn.urlopen(
           ^^^^^^^^^^^^^
  File "C:\Users\acer\Downloads\Resume-AI-1\backend\.venv\Lib\site-packages\opentelemetry\instrumentation\urllib3\__init__.py", line 226, in instrumented_urlopen
    return wrapped(*args, **kwargs)
           ^^^^^^^^^^^^^^^^^^^^^^^^
  File "C:\Users\acer\Downloads\Resume-AI-1\backend\.venv\Lib\site-packages\urllib3\connectionpool.py", line 842, in urlopen
    retries = retries.increment(
              ^^^^^^^^^^^^^^^^^^
  File "C:\Users\acer\Downloads\Resume-AI-1\backend\.venv\Lib\site-packages\urllib3\util\retry.py", line 543, in increment
    raise MaxRetryError(_pool, url, reason) from reason  # type: ignore[arg-type]
    ^^^^^^^^^^^^^^^^^^^^^^^^^^^^^^^^^^^^^^^^^^^^^^^^^^^
urllib3.exceptions.MaxRetryError: HTTPConnectionPool(host='jaeger-service.resumatch-ai.svc.cluster.local', port=4318): Max retries exceeded with url: /v1/traces (Caused by NameResolutionError("HTTPConnection(host='jaeger-service.resumatch-ai.svc.cluster.local', port=4318): Failed to resolve 'jaeger-service.resumatch-ai.svc.cluster.local' ([Errno 11001] getaddrinfo failed)"))

During handling of the above exception, another exception occurred:

Traceback (most recent call last):
  File "C:\Users\acer\Downloads\Resume-AI-1\backend\.venv\Lib\site-packages\opentelemetry\sdk\trace\export\__init__.py", line 367, in _export_batch
    self.span_exporter.export(self.spans_list[:idx])  # type: ignore
    ^^^^^^^^^^^^^^^^^^^^^^^^^^^^^^^^^^^^^^^^^^^^^^^^
  File "C:\Users\acer\Downloads\Resume-AI-1\backend\.venv\Lib\site-packages\opentelemetry\exporter\otlp\proto\http\trace_exporter\__init__.py", line 169, in export
    return self._export_serialized_spans(serialized_data)
           ^^^^^^^^^^^^^^^^^^^^^^^^^^^^^^^^^^^^^^^^^^^^^^
  File "C:\Users\acer\Downloads\Resume-AI-1\backend\.venv\Lib\site-packages\opentelemetry\exporter\otlp\proto\http\trace_exporter\__init__.py", line 139, in _export_serialized_spans
    resp = self._export(serialized_data)
           ^^^^^^^^^^^^^^^^^^^^^^^^^^^^^
  File "C:\Users\acer\Downloads\Resume-AI-1\backend\.venv\Lib\site-packages\opentelemetry\exporter\otlp\proto\http\trace_exporter\__init__.py", line 114, in _export
    return self._session.post(
           ^^^^^^^^^^^^^^^^^^^
  File "C:\Users\acer\Downloads\Resume-AI-1\backend\.venv\Lib\site-packages\requests\sessions.py", line 712, in post
    return self.request("POST", url, data=data, json=json, **kwargs)
           ^^^^^^^^^^^^^^^^^^^^^^^^^^^^^^^^^^^^^^^^^^^^^^^^^^^^^^^^^
  File "C:\Users\acer\Downloads\Resume-AI-1\backend\.venv\Lib\site-packages\requests\sessions.py", line 651, in request
    resp = self.send(prep, **send_kwargs)
           ^^^^^^^^^^^^^^^^^^^^^^^^^^^^^^
  File "C:\Users\acer\Downloads\Resume-AI-1\backend\.venv\Lib\site-packages\opentelemetry\instrumentation\requests\__init__.py", line 152, in instrumented_send
    return wrapped_send(self, request, **kwargs)
           ^^^^^^^^^^^^^^^^^^^^^^^^^^^^^^^^^^^^^
  File "C:\Users\acer\Downloads\Resume-AI-1\backend\.venv\Lib\site-packages\requests\sessions.py", line 784, in send
    r = adapter.send(request, **kwargs)
        ^^^^^^^^^^^^^^^^^^^^^^^^^^^^^^^
  File "C:\Users\acer\Downloads\Resume-AI-1\backend\.venv\Lib\site-packages\requests\adapters.py", line 729, in send
    raise ConnectionError(e, request=request)
requests.exceptions.ConnectionError: HTTPConnectionPool(host='jaeger-service.resumatch-ai.svc.cluster.local', port=4318): Max retries exceeded with url: /v1/traces (Caused by NameResolutionError("HTTPConnection(host='jaeger-service.resumatch-ai.svc.cluster.local', port=4318): Failed to resolve 'jaeger-service.resumatch-ai.svc.cluster.local' ([Errno 11001] getaddrinfo failed)"))
2026-08-03 21:09:46,300 - httpx - INFO - [_client.py:1740] - HTTP Request: GET https://fukxrsqmulucvfvowcou.supabase.co/auth/v1/user "HTTP/1.1 200 OK"
2026-08-03 21:09:46,362 - opentelemetry.sdk.trace.export - ERROR - [__init__.py:369] - Exception while exporting Span batch.
Traceback (most recent call last):
  File "C:\Users\acer\Downloads\Resume-AI-1\backend\.venv\Lib\site-packages\urllib3\connection.py", line 204, in _new_conn
    sock = connection.create_connection(
           ^^^^^^^^^^^^^^^^^^^^^^^^^^^^^
  File "C:\Users\acer\Downloads\Resume-AI-1\backend\.venv\Lib\site-packages\urllib3\util\connection.py", line 60, in create_connection
    for res in socket.getaddrinfo(host, port, family, socket.SOCK_STREAM):
               ^^^^^^^^^^^^^^^^^^^^^^^^^^^^^^^^^^^^^^^^^^^^^^^^^^^^^^^^^^
  File "C:\Python312\Lib\socket.py", line 963, in getaddrinfo
    for res in _socket.getaddrinfo(host, port, family, type, proto, flags):
               ^^^^^^^^^^^^^^^^^^^^^^^^^^^^^^^^^^^^^^^^^^^^^^^^^^^^^^^^^^^
socket.gaierror: [Errno 11001] getaddrinfo failed

The above exception was the direct cause of the following exception:

Traceback (most recent call last):
  File "C:\Users\acer\Downloads\Resume-AI-1\backend\.venv\Lib\site-packages\urllib3\connectionpool.py", line 788, in urlopen
    response = self._make_request(
               ^^^^^^^^^^^^^^^^^^^
  File "C:\Users\acer\Downloads\Resume-AI-1\backend\.venv\Lib\site-packages\urllib3\connectionpool.py", line 493, in _make_request
    conn.request(
  File "C:\Users\acer\Downloads\Resume-AI-1\backend\.venv\Lib\site-packages\urllib3\connection.py", line 500, in request
    self.endheaders()
  File "C:\Python312\Lib\http\client.py", line 1314, in endheaders
    self._send_output(message_body, encode_chunked=encode_chunked)
  File "C:\Python312\Lib\http\client.py", line 1074, in _send_output
    self.send(msg)
  File "C:\Python312\Lib\http\client.py", line 1018, in send
    self.connect()
  File "C:\Users\acer\Downloads\Resume-AI-1\backend\.venv\Lib\site-packages\urllib3\connection.py", line 331, in connect
    self.sock = self._new_conn()
                ^^^^^^^^^^^^^^^^
  File "C:\Users\acer\Downloads\Resume-AI-1\backend\.venv\Lib\site-packages\urllib3\connection.py", line 211, in _new_conn
    raise NameResolutionError(self.host, self, e) from e
urllib3.exceptions.NameResolutionError: HTTPConnection(host='jaeger-service.resumatch-ai.svc.cluster.local', port=4318): Failed to resolve 'jaeger-service.resumatch-ai.svc.cluster.local' ([Errno 11001] getaddrinfo failed)

The above exception was the direct cause of the following exception:

Traceback (most recent call last):
  File "C:\Users\acer\Downloads\Resume-AI-1\backend\.venv\Lib\site-packages\requests\adapters.py", line 696, in send
    resp = conn.urlopen(
           ^^^^^^^^^^^^^
  File "C:\Users\acer\Downloads\Resume-AI-1\backend\.venv\Lib\site-packages\opentelemetry\instrumentation\urllib3\__init__.py", line 226, in instrumented_urlopen
    return wrapped(*args, **kwargs)
           ^^^^^^^^^^^^^^^^^^^^^^^^
  File "C:\Users\acer\Downloads\Resume-AI-1\backend\.venv\Lib\site-packages\urllib3\connectionpool.py", line 842, in urlopen
    retries = retries.increment(
              ^^^^^^^^^^^^^^^^^^
  File "C:\Users\acer\Downloads\Resume-AI-1\backend\.venv\Lib\site-packages\urllib3\util\retry.py", line 543, in increment
    raise MaxRetryError(_pool, url, reason) from reason  # type: ignore[arg-type]
    ^^^^^^^^^^^^^^^^^^^^^^^^^^^^^^^^^^^^^^^^^^^^^^^^^^^
urllib3.exceptions.MaxRetryError: HTTPConnectionPool(host='jaeger-service.resumatch-ai.svc.cluster.local', port=4318): Max retries exceeded with url: /v1/traces (Caused by NameResolutionError("HTTPConnection(host='jaeger-service.resumatch-ai.svc.cluster.local', port=4318): Failed to resolve 'jaeger-service.resumatch-ai.svc.cluster.local' ([Errno 11001] getaddrinfo failed)"))

During handling of the above exception, another exception occurred:

Traceback (most recent call last):
  File "C:\Users\acer\Downloads\Resume-AI-1\backend\.venv\Lib\site-packages\opentelemetry\sdk\trace\export\__init__.py", line 367, in _export_batch
    self.span_exporter.export(self.spans_list[:idx])  # type: ignore
    ^^^^^^^^^^^^^^^^^^^^^^^^^^^^^^^^^^^^^^^^^^^^^^^^
  File "C:\Users\acer\Downloads\Resume-AI-1\backend\.venv\Lib\site-packages\opentelemetry\exporter\otlp\proto\http\trace_exporter\__init__.py", line 169, in export
    return self._export_serialized_spans(serialized_data)
           ^^^^^^^^^^^^^^^^^^^^^^^^^^^^^^^^^^^^^^^^^^^^^^
  File "C:\Users\acer\Downloads\Resume-AI-1\backend\.venv\Lib\site-packages\opentelemetry\exporter\otlp\proto\http\trace_exporter\__init__.py", line 139, in _export_serialized_spans
    resp = self._export(serialized_data)
           ^^^^^^^^^^^^^^^^^^^^^^^^^^^^^
  File "C:\Users\acer\Downloads\Resume-AI-1\backend\.venv\Lib\site-packages\opentelemetry\exporter\otlp\proto\http\trace_exporter\__init__.py", line 114, in _export
    return self._session.post(
           ^^^^^^^^^^^^^^^^^^^
  File "C:\Users\acer\Downloads\Resume-AI-1\backend\.venv\Lib\site-packages\requests\sessions.py", line 712, in post
    return self.request("POST", url, data=data, json=json, **kwargs)
           ^^^^^^^^^^^^^^^^^^^^^^^^^^^^^^^^^^^^^^^^^^^^^^^^^^^^^^^^^
  File "C:\Users\acer\Downloads\Resume-AI-1\backend\.venv\Lib\site-packages\requests\sessions.py", line 651, in request
    resp = self.send(prep, **send_kwargs)
           ^^^^^^^^^^^^^^^^^^^^^^^^^^^^^^
  File "C:\Users\acer\Downloads\Resume-AI-1\backend\.venv\Lib\site-packages\opentelemetry\instrumentation\requests\__init__.py", line 152, in instrumented_send
    return wrapped_send(self, request, **kwargs)
           ^^^^^^^^^^^^^^^^^^^^^^^^^^^^^^^^^^^^^
  File "C:\Users\acer\Downloads\Resume-AI-1\backend\.venv\Lib\site-packages\requests\sessions.py", line 784, in send
    r = adapter.send(request, **kwargs)
        ^^^^^^^^^^^^^^^^^^^^^^^^^^^^^^^
  File "C:\Users\acer\Downloads\Resume-AI-1\backend\.venv\Lib\site-packages\requests\adapters.py", line 729, in send
    raise ConnectionError(e, request=request)
requests.exceptions.ConnectionError: HTTPConnectionPool(host='jaeger-service.resumatch-ai.svc.cluster.local', port=4318): Max retries exceeded with url: /v1/traces (Caused by NameResolutionError("HTTPConnection(host='jaeger-service.resumatch-ai.svc.cluster.local', port=4318): Failed to resolve 'jaeger-service.resumatch-ai.svc.cluster.local' ([Errno 11001] getaddrinfo failed)"))
2026-08-03 21:09:46,427 - httpx - INFO - [_client.py:1740] - HTTP Request: GET https://fukxrsqmulucvfvowcou.supabase.co/auth/v1/user "HTTP/1.1 200 OK"
2026-08-03 21:09:51,366 - opentelemetry.sdk.trace.export - ERROR - [__init__.py:369] - Exception while exporting Span batch.
Traceback (most recent call last):
  File "C:\Users\acer\Downloads\Resume-AI-1\backend\.venv\Lib\site-packages\urllib3\connection.py", line 204, in _new_conn
    sock = connection.create_connection(
           ^^^^^^^^^^^^^^^^^^^^^^^^^^^^^
  File "C:\Users\acer\Downloads\Resume-AI-1\backend\.venv\Lib\site-packages\urllib3\util\connection.py", line 60, in create_connection
    for res in socket.getaddrinfo(host, port, family, socket.SOCK_STREAM):
               ^^^^^^^^^^^^^^^^^^^^^^^^^^^^^^^^^^^^^^^^^^^^^^^^^^^^^^^^^^
  File "C:\Python312\Lib\socket.py", line 963, in getaddrinfo
    for res in _socket.getaddrinfo(host, port, family, type, proto, flags):
               ^^^^^^^^^^^^^^^^^^^^^^^^^^^^^^^^^^^^^^^^^^^^^^^^^^^^^^^^^^^
socket.gaierror: [Errno 11001] getaddrinfo failed

The above exception was the direct cause of the following exception:

Traceback (most recent call last):
  File "C:\Users\acer\Downloads\Resume-AI-1\backend\.venv\Lib\site-packages\urllib3\connectionpool.py", line 788, in urlopen
    response = self._make_request(
               ^^^^^^^^^^^^^^^^^^^
  File "C:\Users\acer\Downloads\Resume-AI-1\backend\.venv\Lib\site-packages\urllib3\connectionpool.py", line 493, in _make_request
    conn.request(
  File "C:\Users\acer\Downloads\Resume-AI-1\backend\.venv\Lib\site-packages\urllib3\connection.py", line 500, in request
    self.endheaders()
  File "C:\Python312\Lib\http\client.py", line 1314, in endheaders
    self._send_output(message_body, encode_chunked=encode_chunked)
  File "C:\Python312\Lib\http\client.py", line 1074, in _send_output
    self.send(msg)
  File "C:\Python312\Lib\http\client.py", line 1018, in send
    self.connect()
  File "C:\Users\acer\Downloads\Resume-AI-1\backend\.venv\Lib\site-packages\urllib3\connection.py", line 331, in connect
    self.sock = self._new_conn()
                ^^^^^^^^^^^^^^^^
  File "C:\Users\acer\Downloads\Resume-AI-1\backend\.venv\Lib\site-packages\urllib3\connection.py", line 211, in _new_conn
    raise NameResolutionError(self.host, self, e) from e
urllib3.exceptions.NameResolutionError: HTTPConnection(host='jaeger-service.resumatch-ai.svc.cluster.local', port=4318): Failed to resolve 'jaeger-service.resumatch-ai.svc.cluster.local' ([Errno 11001] getaddrinfo failed)

The above exception was the direct cause of the following exception:

Traceback (most recent call last):
  File "C:\Users\acer\Downloads\Resume-AI-1\backend\.venv\Lib\site-packages\requests\adapters.py", line 696, in send
    resp = conn.urlopen(
           ^^^^^^^^^^^^^
  File "C:\Users\acer\Downloads\Resume-AI-1\backend\.venv\Lib\site-packages\opentelemetry\instrumentation\urllib3\__init__.py", line 226, in instrumented_urlopen
    return wrapped(*args, **kwargs)
           ^^^^^^^^^^^^^^^^^^^^^^^^
  File "C:\Users\acer\Downloads\Resume-AI-1\backend\.venv\Lib\site-packages\urllib3\connectionpool.py", line 842, in urlopen
    retries = retries.increment(
              ^^^^^^^^^^^^^^^^^^
  File "C:\Users\acer\Downloads\Resume-AI-1\backend\.venv\Lib\site-packages\urllib3\util\retry.py", line 543, in increment
    raise MaxRetryError(_pool, url, reason) from reason  # type: ignore[arg-type]
    ^^^^^^^^^^^^^^^^^^^^^^^^^^^^^^^^^^^^^^^^^^^^^^^^^^^
urllib3.exceptions.MaxRetryError: HTTPConnectionPool(host='jaeger-service.resumatch-ai.svc.cluster.local', port=4318): Max retries exceeded with url: /v1/traces (Caused by NameResolutionError("HTTPConnection(host='jaeger-service.resumatch-ai.svc.cluster.local', port=4318): Failed to resolve 'jaeger-service.resumatch-ai.svc.cluster.local' ([Errno 11001] getaddrinfo failed)"))

During handling of the above exception, another exception occurred:

Traceback (most recent call last):
  File "C:\Users\acer\Downloads\Resume-AI-1\backend\.venv\Lib\site-packages\opentelemetry\sdk\trace\export\__init__.py", line 367, in _export_batch
    self.span_exporter.export(self.spans_list[:idx])  # type: ignore
    ^^^^^^^^^^^^^^^^^^^^^^^^^^^^^^^^^^^^^^^^^^^^^^^^
  File "C:\Users\acer\Downloads\Resume-AI-1\backend\.venv\Lib\site-packages\opentelemetry\exporter\otlp\proto\http\trace_exporter\__init__.py", line 169, in export
    return self._export_serialized_spans(serialized_data)
           ^^^^^^^^^^^^^^^^^^^^^^^^^^^^^^^^^^^^^^^^^^^^^^
  File "C:\Users\acer\Downloads\Resume-AI-1\backend\.venv\Lib\site-packages\opentelemetry\exporter\otlp\proto\http\trace_exporter\__init__.py", line 139, in _export_serialized_spans
    resp = self._export(serialized_data)
           ^^^^^^^^^^^^^^^^^^^^^^^^^^^^^
  File "C:\Users\acer\Downloads\Resume-AI-1\backend\.venv\Lib\site-packages\opentelemetry\exporter\otlp\proto\http\trace_exporter\__init__.py", line 114, in _export
    return self._session.post(
           ^^^^^^^^^^^^^^^^^^^
  File "C:\Users\acer\Downloads\Resume-AI-1\backend\.venv\Lib\site-packages\requests\sessions.py", line 712, in post
    return self.request("POST", url, data=data, json=json, **kwargs)
           ^^^^^^^^^^^^^^^^^^^^^^^^^^^^^^^^^^^^^^^^^^^^^^^^^^^^^^^^^
  File "C:\Users\acer\Downloads\Resume-AI-1\backend\.venv\Lib\site-packages\requests\sessions.py", line 651, in request
    resp = self.send(prep, **send_kwargs)
           ^^^^^^^^^^^^^^^^^^^^^^^^^^^^^^
  File "C:\Users\acer\Downloads\Resume-AI-1\backend\.venv\Lib\site-packages\opentelemetry\instrumentation\requests\__init__.py", line 152, in instrumented_send
    return wrapped_send(self, request, **kwargs)
           ^^^^^^^^^^^^^^^^^^^^^^^^^^^^^^^^^^^^^
  File "C:\Users\acer\Downloads\Resume-AI-1\backend\.venv\Lib\site-packages\requests\sessions.py", line 784, in send
    r = adapter.send(request, **kwargs)
        ^^^^^^^^^^^^^^^^^^^^^^^^^^^^^^^
  File "C:\Users\acer\Downloads\Resume-AI-1\backend\.venv\Lib\site-packages\requests\adapters.py", line 729, in send
    raise ConnectionError(e, request=request)
requests.exceptions.ConnectionError: HTTPConnectionPool(host='jaeger-service.resumatch-ai.svc.cluster.local', port=4318): Max retries exceeded with url: /v1/traces (Caused by NameResolutionError("HTTPConnection(host='jaeger-service.resumatch-ai.svc.cluster.local', port=4318): Failed to resolve 'jaeger-service.resumatch-ai.svc.cluster.local' ([Errno 11001] getaddrinfo failed)"))
2026-08-03 21:10:01,014 - httpx - INFO - [_client.py:1740] - HTTP Request: GET https://fukxrsqmulucvfvowcou.supabase.co/auth/v1/user "HTTP/1.1 200 OK"
2026-08-03 21:10:01,156 - httpx - INFO - [_client.py:1740] - HTTP Request: GET https://fukxrsqmulucvfvowcou.supabase.co/auth/v1/user "HTTP/1.1 200 OK"
2026-08-03 21:10:01,418 - opentelemetry.sdk.trace.export - ERROR - [__init__.py:369] - Exception while exporting Span batch.
Traceback (most recent call last):
  File "C:\Users\acer\Downloads\Resume-AI-1\backend\.venv\Lib\site-packages\urllib3\connection.py", line 204, in _new_conn
    sock = connection.create_connection(
           ^^^^^^^^^^^^^^^^^^^^^^^^^^^^^
  File "C:\Users\acer\Downloads\Resume-AI-1\backend\.venv\Lib\site-packages\urllib3\util\connection.py", line 60, in create_connection
    for res in socket.getaddrinfo(host, port, family, socket.SOCK_STREAM):
               ^^^^^^^^^^^^^^^^^^^^^^^^^^^^^^^^^^^^^^^^^^^^^^^^^^^^^^^^^^
  File "C:\Python312\Lib\socket.py", line 963, in getaddrinfo
    for res in _socket.getaddrinfo(host, port, family, type, proto, flags):
               ^^^^^^^^^^^^^^^^^^^^^^^^^^^^^^^^^^^^^^^^^^^^^^^^^^^^^^^^^^^
socket.gaierror: [Errno 11001] getaddrinfo failed

The above exception was the direct cause of the following exception:

Traceback (most recent call last):
  File "C:\Users\acer\Downloads\Resume-AI-1\backend\.venv\Lib\site-packages\urllib3\connectionpool.py", line 788, in urlopen
    response = self._make_request(
               ^^^^^^^^^^^^^^^^^^^
  File "C:\Users\acer\Downloads\Resume-AI-1\backend\.venv\Lib\site-packages\urllib3\connectionpool.py", line 493, in _make_request
    conn.request(
  File "C:\Users\acer\Downloads\Resume-AI-1\backend\.venv\Lib\site-packages\urllib3\connection.py", line 500, in request
    self.endheaders()
  File "C:\Python312\Lib\http\client.py", line 1314, in endheaders
    self._send_output(message_body, encode_chunked=encode_chunked)
  File "C:\Python312\Lib\http\client.py", line 1074, in _send_output
    self.send(msg)
  File "C:\Python312\Lib\http\client.py", line 1018, in send
    self.connect()
  File "C:\Users\acer\Downloads\Resume-AI-1\backend\.venv\Lib\site-packages\urllib3\connection.py", line 331, in connect
    self.sock = self._new_conn()
                ^^^^^^^^^^^^^^^^
  File "C:\Users\acer\Downloads\Resume-AI-1\backend\.venv\Lib\site-packages\urllib3\connection.py", line 211, in _new_conn
    raise NameResolutionError(self.host, self, e) from e
urllib3.exceptions.NameResolutionError: HTTPConnection(host='jaeger-service.resumatch-ai.svc.cluster.local', port=4318): Failed to resolve 'jaeger-service.resumatch-ai.svc.cluster.local' ([Errno 11001] getaddrinfo failed)

The above exception was the direct cause of the following exception:

Traceback (most recent call last):
  File "C:\Users\acer\Downloads\Resume-AI-1\backend\.venv\Lib\site-packages\requests\adapters.py", line 696, in send
    resp = conn.urlopen(
           ^^^^^^^^^^^^^
  File "C:\Users\acer\Downloads\Resume-AI-1\backend\.venv\Lib\site-packages\opentelemetry\instrumentation\urllib3\__init__.py", line 226, in instrumented_urlopen
    return wrapped(*args, **kwargs)
           ^^^^^^^^^^^^^^^^^^^^^^^^
  File "C:\Users\acer\Downloads\Resume-AI-1\backend\.venv\Lib\site-packages\urllib3\connectionpool.py", line 842, in urlopen
    retries = retries.increment(
              ^^^^^^^^^^^^^^^^^^
  File "C:\Users\acer\Downloads\Resume-AI-1\backend\.venv\Lib\site-packages\urllib3\util\retry.py", line 543, in increment
    raise MaxRetryError(_pool, url, reason) from reason  # type: ignore[arg-type]
    ^^^^^^^^^^^^^^^^^^^^^^^^^^^^^^^^^^^^^^^^^^^^^^^^^^^
urllib3.exceptions.MaxRetryError: HTTPConnectionPool(host='jaeger-service.resumatch-ai.svc.cluster.local', port=4318): Max retries exceeded with url: /v1/traces (Caused by NameResolutionError("HTTPConnection(host='jaeger-service.resumatch-ai.svc.cluster.local', port=4318): Failed to resolve 'jaeger-service.resumatch-ai.svc.cluster.local' ([Errno 11001] getaddrinfo failed)"))

During handling of the above exception, another exception occurred:

Traceback (most recent call last):
  File "C:\Users\acer\Downloads\Resume-AI-1\backend\.venv\Lib\site-packages\opentelemetry\sdk\trace\export\__init__.py", line 367, in _export_batch
    self.span_exporter.export(self.spans_list[:idx])  # type: ignore
    ^^^^^^^^^^^^^^^^^^^^^^^^^^^^^^^^^^^^^^^^^^^^^^^^
  File "C:\Users\acer\Downloads\Resume-AI-1\backend\.venv\Lib\site-packages\opentelemetry\exporter\otlp\proto\http\trace_exporter\__init__.py", line 169, in export
    return self._export_serialized_spans(serialized_data)
           ^^^^^^^^^^^^^^^^^^^^^^^^^^^^^^^^^^^^^^^^^^^^^^
  File "C:\Users\acer\Downloads\Resume-AI-1\backend\.venv\Lib\site-packages\opentelemetry\exporter\otlp\proto\http\trace_exporter\__init__.py", line 139, in _export_serialized_spans
    resp = self._export(serialized_data)
           ^^^^^^^^^^^^^^^^^^^^^^^^^^^^^
  File "C:\Users\acer\Downloads\Resume-AI-1\backend\.venv\Lib\site-packages\opentelemetry\exporter\otlp\proto\http\trace_exporter\__init__.py", line 114, in _export
    return self._session.post(
           ^^^^^^^^^^^^^^^^^^^
  File "C:\Users\acer\Downloads\Resume-AI-1\backend\.venv\Lib\site-packages\requests\sessions.py", line 712, in post
    return self.request("POST", url, data=data, json=json, **kwargs)
           ^^^^^^^^^^^^^^^^^^^^^^^^^^^^^^^^^^^^^^^^^^^^^^^^^^^^^^^^^
  File "C:\Users\acer\Downloads\Resume-AI-1\backend\.venv\Lib\site-packages\requests\sessions.py", line 651, in request
    resp = self.send(prep, **send_kwargs)
           ^^^^^^^^^^^^^^^^^^^^^^^^^^^^^^
  File "C:\Users\acer\Downloads\Resume-AI-1\backend\.venv\Lib\site-packages\opentelemetry\instrumentation\requests\__init__.py", line 152, in instrumented_send
    return wrapped_send(self, request, **kwargs)
           ^^^^^^^^^^^^^^^^^^^^^^^^^^^^^^^^^^^^^
  File "C:\Users\acer\Downloads\Resume-AI-1\backend\.venv\Lib\site-packages\requests\sessions.py", line 784, in send
    r = adapter.send(request, **kwargs)
        ^^^^^^^^^^^^^^^^^^^^^^^^^^^^^^^
  File "C:\Users\acer\Downloads\Resume-AI-1\backend\.venv\Lib\site-packages\requests\adapters.py", line 729, in send
    raise ConnectionError(e, request=request)
requests.exceptions.ConnectionError: HTTPConnectionPool(host='jaeger-service.resumatch-ai.svc.cluster.local', port=4318): Max retries exceeded with url: /v1/traces (Caused by NameResolutionError("HTTPConnection(host='jaeger-service.resumatch-ai.svc.cluster.local', port=4318): Failed to resolve 'jaeger-service.resumatch-ai.svc.cluster.local' ([Errno 11001] getaddrinfo failed)"))
2026-08-03 21:10:08,662 - httpx - INFO - [_client.py:1740] - HTTP Request: GET https://fukxrsqmulucvfvowcou.supabase.co/auth/v1/user "HTTP/1.1 200 OK"
2026-08-03 21:10:08,797 - httpx - INFO - [_client.py:1740] - HTTP Request: GET https://fukxrsqmulucvfvowcou.supabase.co/auth/v1/user "HTTP/1.1 200 OK"
2026-08-03 21:10:11,474 - opentelemetry.sdk.trace.export - ERROR - [__init__.py:369] - Exception while exporting Span batch.
Traceback (most recent call last):
  File "C:\Users\acer\Downloads\Resume-AI-1\backend\.venv\Lib\site-packages\urllib3\connection.py", line 204, in _new_conn
    sock = connection.create_connection(
           ^^^^^^^^^^^^^^^^^^^^^^^^^^^^^
  File "C:\Users\acer\Downloads\Resume-AI-1\backend\.venv\Lib\site-packages\urllib3\util\connection.py", line 60, in create_connection
    for res in socket.getaddrinfo(host, port, family, socket.SOCK_STREAM):
               ^^^^^^^^^^^^^^^^^^^^^^^^^^^^^^^^^^^^^^^^^^^^^^^^^^^^^^^^^^
  File "C:\Python312\Lib\socket.py", line 963, in getaddrinfo
    for res in _socket.getaddrinfo(host, port, family, type, proto, flags):
               ^^^^^^^^^^^^^^^^^^^^^^^^^^^^^^^^^^^^^^^^^^^^^^^^^^^^^^^^^^^
socket.gaierror: [Errno 11001] getaddrinfo failed

The above exception was the direct cause of the following exception:

Traceback (most recent call last):
  File "C:\Users\acer\Downloads\Resume-AI-1\backend\.venv\Lib\site-packages\urllib3\connectionpool.py", line 788, in urlopen
    response = self._make_request(
               ^^^^^^^^^^^^^^^^^^^
  File "C:\Users\acer\Downloads\Resume-AI-1\backend\.venv\Lib\site-packages\urllib3\connectionpool.py", line 493, in _make_request
    conn.request(
  File "C:\Users\acer\Downloads\Resume-AI-1\backend\.venv\Lib\site-packages\urllib3\connection.py", line 500, in request
    self.endheaders()
  File "C:\Python312\Lib\http\client.py", line 1314, in endheaders
    self._send_output(message_body, encode_chunked=encode_chunked)
  File "C:\Python312\Lib\http\client.py", line 1074, in _send_output
    self.send(msg)
  File "C:\Python312\Lib\http\client.py", line 1018, in send
    self.connect()
  File "C:\Users\acer\Downloads\Resume-AI-1\backend\.venv\Lib\site-packages\urllib3\connection.py", line 331, in connect
    self.sock = self._new_conn()
                ^^^^^^^^^^^^^^^^
  File "C:\Users\acer\Downloads\Resume-AI-1\backend\.venv\Lib\site-packages\urllib3\connection.py", line 211, in _new_conn
    raise NameResolutionError(self.host, self, e) from e
urllib3.exceptions.NameResolutionError: HTTPConnection(host='jaeger-service.resumatch-ai.svc.cluster.local', port=4318): Failed to resolve 'jaeger-service.resumatch-ai.svc.cluster.local' ([Errno 11001] getaddrinfo failed)

The above exception was the direct cause of the following exception:

Traceback (most recent call last):
  File "C:\Users\acer\Downloads\Resume-AI-1\backend\.venv\Lib\site-packages\requests\adapters.py", line 696, in send
    resp = conn.urlopen(
           ^^^^^^^^^^^^^
  File "C:\Users\acer\Downloads\Resume-AI-1\backend\.venv\Lib\site-packages\opentelemetry\instrumentation\urllib3\__init__.py", line 226, in instrumented_urlopen
    return wrapped(*args, **kwargs)
           ^^^^^^^^^^^^^^^^^^^^^^^^
  File "C:\Users\acer\Downloads\Resume-AI-1\backend\.venv\Lib\site-packages\urllib3\connectionpool.py", line 842, in urlopen
    retries = retries.increment(
              ^^^^^^^^^^^^^^^^^^
  File "C:\Users\acer\Downloads\Resume-AI-1\backend\.venv\Lib\site-packages\urllib3\util\retry.py", line 543, in increment
    raise MaxRetryError(_pool, url, reason) from reason  # type: ignore[arg-type]
    ^^^^^^^^^^^^^^^^^^^^^^^^^^^^^^^^^^^^^^^^^^^^^^^^^^^
urllib3.exceptions.MaxRetryError: HTTPConnectionPool(host='jaeger-service.resumatch-ai.svc.cluster.local', port=4318): Max retries exceeded with url: /v1/traces (Caused by NameResolutionError("HTTPConnection(host='jaeger-service.resumatch-ai.svc.cluster.local', port=4318): Failed to resolve 'jaeger-service.resumatch-ai.svc.cluster.local' ([Errno 11001] getaddrinfo failed)"))

During handling of the above exception, another exception occurred:

Traceback (most recent call last):
  File "C:\Users\acer\Downloads\Resume-AI-1\backend\.venv\Lib\site-packages\opentelemetry\sdk\trace\export\__init__.py", line 367, in _export_batch
    self.span_exporter.export(self.spans_list[:idx])  # type: ignore
    ^^^^^^^^^^^^^^^^^^^^^^^^^^^^^^^^^^^^^^^^^^^^^^^^
  File "C:\Users\acer\Downloads\Resume-AI-1\backend\.venv\Lib\site-packages\opentelemetry\exporter\otlp\proto\http\trace_exporter\__init__.py", line 169, in export
    return self._export_serialized_spans(serialized_data)
           ^^^^^^^^^^^^^^^^^^^^^^^^^^^^^^^^^^^^^^^^^^^^^^
  File "C:\Users\acer\Downloads\Resume-AI-1\backend\.venv\Lib\site-packages\opentelemetry\exporter\otlp\proto\http\trace_exporter\__init__.py", line 139, in _export_serialized_spans
    resp = self._export(serialized_data)
           ^^^^^^^^^^^^^^^^^^^^^^^^^^^^^
  File "C:\Users\acer\Downloads\Resume-AI-1\backend\.venv\Lib\site-packages\opentelemetry\exporter\otlp\proto\http\trace_exporter\__init__.py", line 114, in _export
    return self._session.post(
           ^^^^^^^^^^^^^^^^^^^
  File "C:\Users\acer\Downloads\Resume-AI-1\backend\.venv\Lib\site-packages\requests\sessions.py", line 712, in post
    return self.request("POST", url, data=data, json=json, **kwargs)
           ^^^^^^^^^^^^^^^^^^^^^^^^^^^^^^^^^^^^^^^^^^^^^^^^^^^^^^^^^
  File "C:\Users\acer\Downloads\Resume-AI-1\backend\.venv\Lib\site-packages\requests\sessions.py", line 651, in request
    resp = self.send(prep, **send_kwargs)
           ^^^^^^^^^^^^^^^^^^^^^^^^^^^^^^
  File "C:\Users\acer\Downloads\Resume-AI-1\backend\.venv\Lib\site-packages\opentelemetry\instrumentation\requests\__init__.py", line 152, in instrumented_send
    return wrapped_send(self, request, **kwargs)
           ^^^^^^^^^^^^^^^^^^^^^^^^^^^^^^^^^^^^^
  File "C:\Users\acer\Downloads\Resume-AI-1\backend\.venv\Lib\site-packages\requests\sessions.py", line 784, in send
    r = adapter.send(request, **kwargs)
        ^^^^^^^^^^^^^^^^^^^^^^^^^^^^^^^
  File "C:\Users\acer\Downloads\Resume-AI-1\backend\.venv\Lib\site-packages\requests\adapters.py", line 729, in send
    raise ConnectionError(e, request=request)
requests.exceptions.ConnectionError: HTTPConnectionPool(host='jaeger-service.resumatch-ai.svc.cluster.local', port=4318): Max retries exceeded with url: /v1/traces (Caused by NameResolutionError("HTTPConnection(host='jaeger-service.resumatch-ai.svc.cluster.local', port=4318): Failed to resolve 'jaeger-service.resumatch-ai.svc.cluster.local' ([Errno 11001] getaddrinfo failed)"))
2026-08-03 21:12:02,945 - httpx - INFO - [_client.py:1740] - HTTP Request: GET https://fukxrsqmulucvfvowcou.supabase.co/auth/v1/user "HTTP/1.1 200 OK"
2026-08-03 21:12:03,110 - httpx - INFO - [_client.py:1740] - HTTP Request: GET https://fukxrsqmulucvfvowcou.supabase.co/auth/v1/user "HTTP/1.1 200 OK"
2026-08-03 21:12:05,244 - httpx - INFO - [_client.py:1740] - HTTP Request: GET https://fukxrsqmulucvfvowcou.supabase.co/auth/v1/user "HTTP/1.1 200 OK"
2026-08-03 21:12:05,366 - httpx - INFO - [_client.py:1740] - HTTP Request: GET https://fukxrsqmulucvfvowcou.supabase.co/auth/v1/user "HTTP/1.1 200 OK"
2026-08-03 21:12:05,366 - httpx - INFO - [_client.py:1740] - HTTP Request: GET https://fukxrsqmulucvfvowcou.supabase.co/auth/v1/user "HTTP/1.1 200 OK"
2026-08-03 21:12:06,736 - opentelemetry.sdk.trace.export - ERROR - [__init__.py:369] - Exception while exporting Span batch.
Traceback (most recent call last):
  File "C:\Users\acer\Downloads\Resume-AI-1\backend\.venv\Lib\site-packages\urllib3\connection.py", line 204, in _new_conn
    sock = connection.create_connection(
           ^^^^^^^^^^^^^^^^^^^^^^^^^^^^^
  File "C:\Users\acer\Downloads\Resume-AI-1\backend\.venv\Lib\site-packages\urllib3\util\connection.py", line 60, in create_connection
    for res in socket.getaddrinfo(host, port, family, socket.SOCK_STREAM):
               ^^^^^^^^^^^^^^^^^^^^^^^^^^^^^^^^^^^^^^^^^^^^^^^^^^^^^^^^^^
  File "C:\Python312\Lib\socket.py", line 963, in getaddrinfo
    for res in _socket.getaddrinfo(host, port, family, type, proto, flags):
               ^^^^^^^^^^^^^^^^^^^^^^^^^^^^^^^^^^^^^^^^^^^^^^^^^^^^^^^^^^^
socket.gaierror: [Errno 11001] getaddrinfo failed

The above exception was the direct cause of the following exception:

Traceback (most recent call last):
  File "C:\Users\acer\Downloads\Resume-AI-1\backend\.venv\Lib\site-packages\urllib3\connectionpool.py", line 788, in urlopen
    response = self._make_request(
               ^^^^^^^^^^^^^^^^^^^
  File "C:\Users\acer\Downloads\Resume-AI-1\backend\.venv\Lib\site-packages\urllib3\connectionpool.py", line 493, in _make_request
    conn.request(
  File "C:\Users\acer\Downloads\Resume-AI-1\backend\.venv\Lib\site-packages\urllib3\connection.py", line 500, in request
    self.endheaders()
  File "C:\Python312\Lib\http\client.py", line 1314, in endheaders
    self._send_output(message_body, encode_chunked=encode_chunked)
  File "C:\Python312\Lib\http\client.py", line 1074, in _send_output
    self.send(msg)
  File "C:\Python312\Lib\http\client.py", line 1018, in send
    self.connect()
  File "C:\Users\acer\Downloads\Resume-AI-1\backend\.venv\Lib\site-packages\urllib3\connection.py", line 331, in connect
    self.sock = self._new_conn()
                ^^^^^^^^^^^^^^^^
  File "C:\Users\acer\Downloads\Resume-AI-1\backend\.venv\Lib\site-packages\urllib3\connection.py", line 211, in _new_conn
    raise NameResolutionError(self.host, self, e) from e
urllib3.exceptions.NameResolutionError: HTTPConnection(host='jaeger-service.resumatch-ai.svc.cluster.local', port=4318): Failed to resolve 'jaeger-service.resumatch-ai.svc.cluster.local' ([Errno 11001] getaddrinfo failed)

The above exception was the direct cause of the following exception:

Traceback (most recent call last):
  File "C:\Users\acer\Downloads\Resume-AI-1\backend\.venv\Lib\site-packages\requests\adapters.py", line 696, in send
    resp = conn.urlopen(
           ^^^^^^^^^^^^^
  File "C:\Users\acer\Downloads\Resume-AI-1\backend\.venv\Lib\site-packages\opentelemetry\instrumentation\urllib3\__init__.py", line 226, in instrumented_urlopen
    return wrapped(*args, **kwargs)
           ^^^^^^^^^^^^^^^^^^^^^^^^
  File "C:\Users\acer\Downloads\Resume-AI-1\backend\.venv\Lib\site-packages\urllib3\connectionpool.py", line 842, in urlopen
    retries = retries.increment(
              ^^^^^^^^^^^^^^^^^^
  File "C:\Users\acer\Downloads\Resume-AI-1\backend\.venv\Lib\site-packages\urllib3\util\retry.py", line 543, in increment
    raise MaxRetryError(_pool, url, reason) from reason  # type: ignore[arg-type]
    ^^^^^^^^^^^^^^^^^^^^^^^^^^^^^^^^^^^^^^^^^^^^^^^^^^^
urllib3.exceptions.MaxRetryError: HTTPConnectionPool(host='jaeger-service.resumatch-ai.svc.cluster.local', port=4318): Max retries exceeded with url: /v1/traces (Caused by NameResolutionError("HTTPConnection(host='jaeger-service.resumatch-ai.svc.cluster.local', port=4318): Failed to resolve 'jaeger-service.resumatch-ai.svc.cluster.local' ([Errno 11001] getaddrinfo failed)"))

During handling of the above exception, another exception occurred:

Traceback (most recent call last):
  File "C:\Users\acer\Downloads\Resume-AI-1\backend\.venv\Lib\site-packages\opentelemetry\sdk\trace\export\__init__.py", line 367, in _export_batch
    self.span_exporter.export(self.spans_list[:idx])  # type: ignore
    ^^^^^^^^^^^^^^^^^^^^^^^^^^^^^^^^^^^^^^^^^^^^^^^^
  File "C:\Users\acer\Downloads\Resume-AI-1\backend\.venv\Lib\site-packages\opentelemetry\exporter\otlp\proto\http\trace_exporter\__init__.py", line 169, in export
    return self._export_serialized_spans(serialized_data)
           ^^^^^^^^^^^^^^^^^^^^^^^^^^^^^^^^^^^^^^^^^^^^^^
  File "C:\Users\acer\Downloads\Resume-AI-1\backend\.venv\Lib\site-packages\opentelemetry\exporter\otlp\proto\http\trace_exporter\__init__.py", line 139, in _export_serialized_spans
    resp = self._export(serialized_data)
           ^^^^^^^^^^^^^^^^^^^^^^^^^^^^^
  File "C:\Users\acer\Downloads\Resume-AI-1\backend\.venv\Lib\site-packages\opentelemetry\exporter\otlp\proto\http\trace_exporter\__init__.py", line 114, in _export
    return self._session.post(
           ^^^^^^^^^^^^^^^^^^^
  File "C:\Users\acer\Downloads\Resume-AI-1\backend\.venv\Lib\site-packages\requests\sessions.py", line 712, in post
    return self.request("POST", url, data=data, json=json, **kwargs)
           ^^^^^^^^^^^^^^^^^^^^^^^^^^^^^^^^^^^^^^^^^^^^^^^^^^^^^^^^^
  File "C:\Users\acer\Downloads\Resume-AI-1\backend\.venv\Lib\site-packages\requests\sessions.py", line 651, in request
    resp = self.send(prep, **send_kwargs)
           ^^^^^^^^^^^^^^^^^^^^^^^^^^^^^^
  File "C:\Users\acer\Downloads\Resume-AI-1\backend\.venv\Lib\site-packages\opentelemetry\instrumentation\requests\__init__.py", line 152, in instrumented_send
    return wrapped_send(self, request, **kwargs)
           ^^^^^^^^^^^^^^^^^^^^^^^^^^^^^^^^^^^^^
  File "C:\Users\acer\Downloads\Resume-AI-1\backend\.venv\Lib\site-packages\requests\sessions.py", line 784, in send
    r = adapter.send(request, **kwargs)
        ^^^^^^^^^^^^^^^^^^^^^^^^^^^^^^^
  File "C:\Users\acer\Downloads\Resume-AI-1\backend\.venv\Lib\site-packages\requests\adapters.py", line 729, in send
    raise ConnectionError(e, request=request)
requests.exceptions.ConnectionError: HTTPConnectionPool(host='jaeger-service.resumatch-ai.svc.cluster.local', port=4318): Max retries exceeded with url: /v1/traces (Caused by NameResolutionError("HTTPConnection(host='jaeger-service.resumatch-ai.svc.cluster.local', port=4318): Failed to resolve 'jaeger-service.resumatch-ai.svc.cluster.local' ([Errno 11001] getaddrinfo failed)"))
2026-08-03 21:12:07,304 - httpx - INFO - [_client.py:1740] - HTTP Request: GET https://fukxrsqmulucvfvowcou.supabase.co/auth/v1/user "HTTP/1.1 200 OK"
2026-08-03 21:12:07,455 - httpx - INFO - [_client.py:1740] - HTTP Request: GET https://fukxrsqmulucvfvowcou.supabase.co/auth/v1/user "HTTP/1.1 200 OK"
2026-08-03 21:12:11,733 - opentelemetry.sdk.trace.export - ERROR - [__init__.py:369] - Exception while exporting Span batch.
Traceback (most recent call last):
  File "C:\Users\acer\Downloads\Resume-AI-1\backend\.venv\Lib\site-packages\urllib3\connection.py", line 204, in _new_conn
    sock = connection.create_connection(
           ^^^^^^^^^^^^^^^^^^^^^^^^^^^^^
  File "C:\Users\acer\Downloads\Resume-AI-1\backend\.venv\Lib\site-packages\urllib3\util\connection.py", line 60, in create_connection
    for res in socket.getaddrinfo(host, port, family, socket.SOCK_STREAM):
               ^^^^^^^^^^^^^^^^^^^^^^^^^^^^^^^^^^^^^^^^^^^^^^^^^^^^^^^^^^
  File "C:\Python312\Lib\socket.py", line 963, in getaddrinfo
    for res in _socket.getaddrinfo(host, port, family, type, proto, flags):
               ^^^^^^^^^^^^^^^^^^^^^^^^^^^^^^^^^^^^^^^^^^^^^^^^^^^^^^^^^^^
socket.gaierror: [Errno 11001] getaddrinfo failed

The above exception was the direct cause of the following exception:

Traceback (most recent call last):
  File "C:\Users\acer\Downloads\Resume-AI-1\backend\.venv\Lib\site-packages\urllib3\connectionpool.py", line 788, in urlopen
    response = self._make_request(
               ^^^^^^^^^^^^^^^^^^^
  File "C:\Users\acer\Downloads\Resume-AI-1\backend\.venv\Lib\site-packages\urllib3\connectionpool.py", line 493, in _make_request
    conn.request(
  File "C:\Users\acer\Downloads\Resume-AI-1\backend\.venv\Lib\site-packages\urllib3\connection.py", line 500, in request
    self.endheaders()
  File "C:\Python312\Lib\http\client.py", line 1314, in endheaders
    self._send_output(message_body, encode_chunked=encode_chunked)
  File "C:\Python312\Lib\http\client.py", line 1074, in _send_output
    self.send(msg)
  File "C:\Python312\Lib\http\client.py", line 1018, in send
    self.connect()
  File "C:\Users\acer\Downloads\Resume-AI-1\backend\.venv\Lib\site-packages\urllib3\connection.py", line 331, in connect
    self.sock = self._new_conn()
                ^^^^^^^^^^^^^^^^
  File "C:\Users\acer\Downloads\Resume-AI-1\backend\.venv\Lib\site-packages\urllib3\connection.py", line 211, in _new_conn
    raise NameResolutionError(self.host, self, e) from e
urllib3.exceptions.NameResolutionError: HTTPConnection(host='jaeger-service.resumatch-ai.svc.cluster.local', port=4318): Failed to resolve 'jaeger-service.resumatch-ai.svc.cluster.local' ([Errno 11001] getaddrinfo failed)

The above exception was the direct cause of the following exception:

Traceback (most recent call last):
  File "C:\Users\acer\Downloads\Resume-AI-1\backend\.venv\Lib\site-packages\requests\adapters.py", line 696, in send
    resp = conn.urlopen(
           ^^^^^^^^^^^^^
  File "C:\Users\acer\Downloads\Resume-AI-1\backend\.venv\Lib\site-packages\opentelemetry\instrumentation\urllib3\__init__.py", line 226, in instrumented_urlopen
    return wrapped(*args, **kwargs)
           ^^^^^^^^^^^^^^^^^^^^^^^^
  File "C:\Users\acer\Downloads\Resume-AI-1\backend\.venv\Lib\site-packages\urllib3\connectionpool.py", line 842, in urlopen
    retries = retries.increment(
              ^^^^^^^^^^^^^^^^^^
  File "C:\Users\acer\Downloads\Resume-AI-1\backend\.venv\Lib\site-packages\urllib3\util\retry.py", line 543, in increment
    raise MaxRetryError(_pool, url, reason) from reason  # type: ignore[arg-type]
    ^^^^^^^^^^^^^^^^^^^^^^^^^^^^^^^^^^^^^^^^^^^^^^^^^^^
urllib3.exceptions.MaxRetryError: HTTPConnectionPool(host='jaeger-service.resumatch-ai.svc.cluster.local', port=4318): Max retries exceeded with url: /v1/traces (Caused by NameResolutionError("HTTPConnection(host='jaeger-service.resumatch-ai.svc.cluster.local', port=4318): Failed to resolve 'jaeger-service.resumatch-ai.svc.cluster.local' ([Errno 11001] getaddrinfo failed)"))

During handling of the above exception, another exception occurred:

Traceback (most recent call last):
  File "C:\Users\acer\Downloads\Resume-AI-1\backend\.venv\Lib\site-packages\opentelemetry\sdk\trace\export\__init__.py", line 367, in _export_batch
    self.span_exporter.export(self.spans_list[:idx])  # type: ignore
    ^^^^^^^^^^^^^^^^^^^^^^^^^^^^^^^^^^^^^^^^^^^^^^^^
  File "C:\Users\acer\Downloads\Resume-AI-1\backend\.venv\Lib\site-packages\opentelemetry\exporter\otlp\proto\http\trace_exporter\__init__.py", line 169, in export
    return self._export_serialized_spans(serialized_data)
           ^^^^^^^^^^^^^^^^^^^^^^^^^^^^^^^^^^^^^^^^^^^^^^
  File "C:\Users\acer\Downloads\Resume-AI-1\backend\.venv\Lib\site-packages\opentelemetry\exporter\otlp\proto\http\trace_exporter\__init__.py", line 139, in _export_serialized_spans
    resp = self._export(serialized_data)
           ^^^^^^^^^^^^^^^^^^^^^^^^^^^^^
  File "C:\Users\acer\Downloads\Resume-AI-1\backend\.venv\Lib\site-packages\opentelemetry\exporter\otlp\proto\http\trace_exporter\__init__.py", line 114, in _export
    return self._session.post(
           ^^^^^^^^^^^^^^^^^^^
  File "C:\Users\acer\Downloads\Resume-AI-1\backend\.venv\Lib\site-packages\requests\sessions.py", line 712, in post
    return self.request("POST", url, data=data, json=json, **kwargs)
           ^^^^^^^^^^^^^^^^^^^^^^^^^^^^^^^^^^^^^^^^^^^^^^^^^^^^^^^^^
  File "C:\Users\acer\Downloads\Resume-AI-1\backend\.venv\Lib\site-packages\requests\sessions.py", line 651, in request
    resp = self.send(prep, **send_kwargs)
           ^^^^^^^^^^^^^^^^^^^^^^^^^^^^^^
  File "C:\Users\acer\Downloads\Resume-AI-1\backend\.venv\Lib\site-packages\opentelemetry\instrumentation\requests\__init__.py", line 152, in instrumented_send
    return wrapped_send(self, request, **kwargs)
           ^^^^^^^^^^^^^^^^^^^^^^^^^^^^^^^^^^^^^
  File "C:\Users\acer\Downloads\Resume-AI-1\backend\.venv\Lib\site-packages\requests\sessions.py", line 784, in send
    r = adapter.send(request, **kwargs)
        ^^^^^^^^^^^^^^^^^^^^^^^^^^^^^^^
  File "C:\Users\acer\Downloads\Resume-AI-1\backend\.venv\Lib\site-packages\requests\adapters.py", line 729, in send
    raise ConnectionError(e, request=request)
requests.exceptions.ConnectionError: HTTPConnectionPool(host='jaeger-service.resumatch-ai.svc.cluster.local', port=4318): Max retries exceeded with url: /v1/traces (Caused by NameResolutionError("HTTPConnection(host='jaeger-service.resumatch-ai.svc.cluster.local', port=4318): Failed to resolve 'jaeger-service.resumatch-ai.svc.cluster.local' ([Errno 11001] getaddrinfo failed)"))
2026-08-03 21:12:52,160 - httpx - INFO - [_client.py:1740] - HTTP Request: GET https://fukxrsqmulucvfvowcou.supabase.co/auth/v1/user "HTTP/1.1 200 OK"
2026-08-03 21:12:52,295 - httpx - INFO - [_client.py:1740] - HTTP Request: GET https://fukxrsqmulucvfvowcou.supabase.co/auth/v1/user "HTTP/1.1 200 OK"
2026-08-03 21:12:56,828 - opentelemetry.sdk.trace.export - ERROR - [__init__.py:369] - Exception while exporting Span batch.
Traceback (most recent call last):
  File "C:\Users\acer\Downloads\Resume-AI-1\backend\.venv\Lib\site-packages\urllib3\connection.py", line 204, in _new_conn
    sock = connection.create_connection(
           ^^^^^^^^^^^^^^^^^^^^^^^^^^^^^
  File "C:\Users\acer\Downloads\Resume-AI-1\backend\.venv\Lib\site-packages\urllib3\util\connection.py", line 60, in create_connection
    for res in socket.getaddrinfo(host, port, family, socket.SOCK_STREAM):
               ^^^^^^^^^^^^^^^^^^^^^^^^^^^^^^^^^^^^^^^^^^^^^^^^^^^^^^^^^^
  File "C:\Python312\Lib\socket.py", line 963, in getaddrinfo
    for res in _socket.getaddrinfo(host, port, family, type, proto, flags):
               ^^^^^^^^^^^^^^^^^^^^^^^^^^^^^^^^^^^^^^^^^^^^^^^^^^^^^^^^^^^
socket.gaierror: [Errno 11001] getaddrinfo failed

The above exception was the direct cause of the following exception:

Traceback (most recent call last):
  File "C:\Users\acer\Downloads\Resume-AI-1\backend\.venv\Lib\site-packages\urllib3\connectionpool.py", line 788, in urlopen
    response = self._make_request(
               ^^^^^^^^^^^^^^^^^^^
  File "C:\Users\acer\Downloads\Resume-AI-1\backend\.venv\Lib\site-packages\urllib3\connectionpool.py", line 493, in _make_request
    conn.request(
  File "C:\Users\acer\Downloads\Resume-AI-1\backend\.venv\Lib\site-packages\urllib3\connection.py", line 500, in request
    self.endheaders()
  File "C:\Python312\Lib\http\client.py", line 1314, in endheaders
    self._send_output(message_body, encode_chunked=encode_chunked)
  File "C:\Python312\Lib\http\client.py", line 1074, in _send_output
    self.send(msg)
  File "C:\Python312\Lib\http\client.py", line 1018, in send
    self.connect()
  File "C:\Users\acer\Downloads\Resume-AI-1\backend\.venv\Lib\site-packages\urllib3\connection.py", line 331, in connect
    self.sock = self._new_conn()
                ^^^^^^^^^^^^^^^^
  File "C:\Users\acer\Downloads\Resume-AI-1\backend\.venv\Lib\site-packages\urllib3\connection.py", line 211, in _new_conn
    raise NameResolutionError(self.host, self, e) from e
urllib3.exceptions.NameResolutionError: HTTPConnection(host='jaeger-service.resumatch-ai.svc.cluster.local', port=4318): Failed to resolve 'jaeger-service.resumatch-ai.svc.cluster.local' ([Errno 11001] getaddrinfo failed)

The above exception was the direct cause of the following exception:

Traceback (most recent call last):
  File "C:\Users\acer\Downloads\Resume-AI-1\backend\.venv\Lib\site-packages\requests\adapters.py", line 696, in send
    resp = conn.urlopen(
           ^^^^^^^^^^^^^
  File "C:\Users\acer\Downloads\Resume-AI-1\backend\.venv\Lib\site-packages\opentelemetry\instrumentation\urllib3\__init__.py", line 226, in instrumented_urlopen
    return wrapped(*args, **kwargs)
           ^^^^^^^^^^^^^^^^^^^^^^^^
  File "C:\Users\acer\Downloads\Resume-AI-1\backend\.venv\Lib\site-packages\urllib3\connectionpool.py", line 842, in urlopen
    retries = retries.increment(
              ^^^^^^^^^^^^^^^^^^
  File "C:\Users\acer\Downloads\Resume-AI-1\backend\.venv\Lib\site-packages\urllib3\util\retry.py", line 543, in increment
    raise MaxRetryError(_pool, url, reason) from reason  # type: ignore[arg-type]
    ^^^^^^^^^^^^^^^^^^^^^^^^^^^^^^^^^^^^^^^^^^^^^^^^^^^
urllib3.exceptions.MaxRetryError: HTTPConnectionPool(host='jaeger-service.resumatch-ai.svc.cluster.local', port=4318): Max retries exceeded with url: /v1/traces (Caused by NameResolutionError("HTTPConnection(host='jaeger-service.resumatch-ai.svc.cluster.local', port=4318): Failed to resolve 'jaeger-service.resumatch-ai.svc.cluster.local' ([Errno 11001] getaddrinfo failed)"))

During handling of the above exception, another exception occurred:

Traceback (most recent call last):
  File "C:\Users\acer\Downloads\Resume-AI-1\backend\.venv\Lib\site-packages\opentelemetry\sdk\trace\export\__init__.py", line 367, in _export_batch
    self.span_exporter.export(self.spans_list[:idx])  # type: ignore
    ^^^^^^^^^^^^^^^^^^^^^^^^^^^^^^^^^^^^^^^^^^^^^^^^
  File "C:\Users\acer\Downloads\Resume-AI-1\backend\.venv\Lib\site-packages\opentelemetry\exporter\otlp\proto\http\trace_exporter\__init__.py", line 169, in export
    return self._export_serialized_spans(serialized_data)
           ^^^^^^^^^^^^^^^^^^^^^^^^^^^^^^^^^^^^^^^^^^^^^^
  File "C:\Users\acer\Downloads\Resume-AI-1\backend\.venv\Lib\site-packages\opentelemetry\exporter\otlp\proto\http\trace_exporter\__init__.py", line 139, in _export_serialized_spans
    resp = self._export(serialized_data)
           ^^^^^^^^^^^^^^^^^^^^^^^^^^^^^
  File "C:\Users\acer\Downloads\Resume-AI-1\backend\.venv\Lib\site-packages\opentelemetry\exporter\otlp\proto\http\trace_exporter\__init__.py", line 114, in _export
    return self._session.post(
           ^^^^^^^^^^^^^^^^^^^
  File "C:\Users\acer\Downloads\Resume-AI-1\backend\.venv\Lib\site-packages\requests\sessions.py", line 712, in post
    return self.request("POST", url, data=data, json=json, **kwargs)
           ^^^^^^^^^^^^^^^^^^^^^^^^^^^^^^^^^^^^^^^^^^^^^^^^^^^^^^^^^
  File "C:\Users\acer\Downloads\Resume-AI-1\backend\.venv\Lib\site-packages\requests\sessions.py", line 651, in request
    resp = self.send(prep, **send_kwargs)
           ^^^^^^^^^^^^^^^^^^^^^^^^^^^^^^
  File "C:\Users\acer\Downloads\Resume-AI-1\backend\.venv\Lib\site-packages\opentelemetry\instrumentation\requests\__init__.py", line 152, in instrumented_send
    return wrapped_send(self, request, **kwargs)
           ^^^^^^^^^^^^^^^^^^^^^^^^^^^^^^^^^^^^^
  File "C:\Users\acer\Downloads\Resume-AI-1\backend\.venv\Lib\site-packages\requests\sessions.py", line 784, in send
    r = adapter.send(request, **kwargs)
        ^^^^^^^^^^^^^^^^^^^^^^^^^^^^^^^
  File "C:\Users\acer\Downloads\Resume-AI-1\backend\.venv\Lib\site-packages\requests\adapters.py", line 729, in send
    raise ConnectionError(e, request=request)
requests.exceptions.ConnectionError: HTTPConnectionPool(host='jaeger-service.resumatch-ai.svc.cluster.local', port=4318): Max retries exceeded with url: /v1/traces (Caused by NameResolutionError("HTTPConnection(host='jaeger-service.resumatch-ai.svc.cluster.local', port=4318): Failed to resolve 'jaeger-service.resumatch-ai.svc.cluster.local' ([Errno 11001] getaddrinfo failed)"))
2026-08-03 21:13:08,054 - httpx - INFO - [_client.py:1740] - HTTP Request: GET https://fukxrsqmulucvfvowcou.supabase.co/auth/v1/user "HTTP/1.1 200 OK"
2026-08-03 21:13:08,409 - httpx - INFO - [_client.py:1740] - HTTP Request: GET https://fukxrsqmulucvfvowcou.supabase.co/auth/v1/user "HTTP/1.1 200 OK"
2026-08-03 21:13:11,847 - opentelemetry.sdk.trace.export - ERROR - [__init__.py:369] - Exception while exporting Span batch.
Traceback (most recent call last):
  File "C:\Users\acer\Downloads\Resume-AI-1\backend\.venv\Lib\site-packages\urllib3\connection.py", line 204, in _new_conn
    sock = connection.create_connection(
           ^^^^^^^^^^^^^^^^^^^^^^^^^^^^^
  File "C:\Users\acer\Downloads\Resume-AI-1\backend\.venv\Lib\site-packages\urllib3\util\connection.py", line 60, in create_connection
    for res in socket.getaddrinfo(host, port, family, socket.SOCK_STREAM):
               ^^^^^^^^^^^^^^^^^^^^^^^^^^^^^^^^^^^^^^^^^^^^^^^^^^^^^^^^^^
  File "C:\Python312\Lib\socket.py", line 963, in getaddrinfo
    for res in _socket.getaddrinfo(host, port, family, type, proto, flags):
               ^^^^^^^^^^^^^^^^^^^^^^^^^^^^^^^^^^^^^^^^^^^^^^^^^^^^^^^^^^^
socket.gaierror: [Errno 11001] getaddrinfo failed

The above exception was the direct cause of the following exception:

Traceback (most recent call last):
  File "C:\Users\acer\Downloads\Resume-AI-1\backend\.venv\Lib\site-packages\urllib3\connectionpool.py", line 788, in urlopen
    response = self._make_request(
               ^^^^^^^^^^^^^^^^^^^
  File "C:\Users\acer\Downloads\Resume-AI-1\backend\.venv\Lib\site-packages\urllib3\connectionpool.py", line 493, in _make_request
    conn.request(
  File "C:\Users\acer\Downloads\Resume-AI-1\backend\.venv\Lib\site-packages\urllib3\connection.py", line 500, in request
    self.endheaders()
  File "C:\Python312\Lib\http\client.py", line 1314, in endheaders
    self._send_output(message_body, encode_chunked=encode_chunked)
  File "C:\Python312\Lib\http\client.py", line 1074, in _send_output
    self.send(msg)
  File "C:\Python312\Lib\http\client.py", line 1018, in send
    self.connect()
  File "C:\Users\acer\Downloads\Resume-AI-1\backend\.venv\Lib\site-packages\urllib3\connection.py", line 331, in connect
    self.sock = self._new_conn()
                ^^^^^^^^^^^^^^^^
  File "C:\Users\acer\Downloads\Resume-AI-1\backend\.venv\Lib\site-packages\urllib3\connection.py", line 211, in _new_conn
    raise NameResolutionError(self.host, self, e) from e
urllib3.exceptions.NameResolutionError: HTTPConnection(host='jaeger-service.resumatch-ai.svc.cluster.local', port=4318): Failed to resolve 'jaeger-service.resumatch-ai.svc.cluster.local' ([Errno 11001] getaddrinfo failed)

The above exception was the direct cause of the following exception:

Traceback (most recent call last):
  File "C:\Users\acer\Downloads\Resume-AI-1\backend\.venv\Lib\site-packages\requests\adapters.py", line 696, in send
    resp = conn.urlopen(
           ^^^^^^^^^^^^^
  File "C:\Users\acer\Downloads\Resume-AI-1\backend\.venv\Lib\site-packages\opentelemetry\instrumentation\urllib3\__init__.py", line 226, in instrumented_urlopen
    return wrapped(*args, **kwargs)
           ^^^^^^^^^^^^^^^^^^^^^^^^
  File "C:\Users\acer\Downloads\Resume-AI-1\backend\.venv\Lib\site-packages\urllib3\connectionpool.py", line 842, in urlopen
    retries = retries.increment(
              ^^^^^^^^^^^^^^^^^^
  File "C:\Users\acer\Downloads\Resume-AI-1\backend\.venv\Lib\site-packages\urllib3\util\retry.py", line 543, in increment
    raise MaxRetryError(_pool, url, reason) from reason  # type: ignore[arg-type]
    ^^^^^^^^^^^^^^^^^^^^^^^^^^^^^^^^^^^^^^^^^^^^^^^^^^^
urllib3.exceptions.MaxRetryError: HTTPConnectionPool(host='jaeger-service.resumatch-ai.svc.cluster.local', port=4318): Max retries exceeded with url: /v1/traces (Caused by NameResolutionError("HTTPConnection(host='jaeger-service.resumatch-ai.svc.cluster.local', port=4318): Failed to resolve 'jaeger-service.resumatch-ai.svc.cluster.local' ([Errno 11001] getaddrinfo failed)"))

During handling of the above exception, another exception occurred:

Traceback (most recent call last):
  File "C:\Users\acer\Downloads\Resume-AI-1\backend\.venv\Lib\site-packages\opentelemetry\sdk\trace\export\__init__.py", line 367, in _export_batch
    self.span_exporter.export(self.spans_list[:idx])  # type: ignore
    ^^^^^^^^^^^^^^^^^^^^^^^^^^^^^^^^^^^^^^^^^^^^^^^^
  File "C:\Users\acer\Downloads\Resume-AI-1\backend\.venv\Lib\site-packages\opentelemetry\exporter\otlp\proto\http\trace_exporter\__init__.py", line 169, in export
    return self._export_serialized_spans(serialized_data)
           ^^^^^^^^^^^^^^^^^^^^^^^^^^^^^^^^^^^^^^^^^^^^^^
  File "C:\Users\acer\Downloads\Resume-AI-1\backend\.venv\Lib\site-packages\opentelemetry\exporter\otlp\proto\http\trace_exporter\__init__.py", line 139, in _export_serialized_spans
    resp = self._export(serialized_data)
           ^^^^^^^^^^^^^^^^^^^^^^^^^^^^^
  File "C:\Users\acer\Downloads\Resume-AI-1\backend\.venv\Lib\site-packages\opentelemetry\exporter\otlp\proto\http\trace_exporter\__init__.py", line 114, in _export
    return self._session.post(
           ^^^^^^^^^^^^^^^^^^^
  File "C:\Users\acer\Downloads\Resume-AI-1\backend\.venv\Lib\site-packages\requests\sessions.py", line 712, in post
    return self.request("POST", url, data=data, json=json, **kwargs)
           ^^^^^^^^^^^^^^^^^^^^^^^^^^^^^^^^^^^^^^^^^^^^^^^^^^^^^^^^^
  File "C:\Users\acer\Downloads\Resume-AI-1\backend\.venv\Lib\site-packages\requests\sessions.py", line 651, in request
    resp = self.send(prep, **send_kwargs)
           ^^^^^^^^^^^^^^^^^^^^^^^^^^^^^^
  File "C:\Users\acer\Downloads\Resume-AI-1\backend\.venv\Lib\site-packages\opentelemetry\instrumentation\requests\__init__.py", line 152, in instrumented_send
    return wrapped_send(self, request, **kwargs)
           ^^^^^^^^^^^^^^^^^^^^^^^^^^^^^^^^^^^^^
  File "C:\Users\acer\Downloads\Resume-AI-1\backend\.venv\Lib\site-packages\requests\sessions.py", line 784, in send
    r = adapter.send(request, **kwargs)
        ^^^^^^^^^^^^^^^^^^^^^^^^^^^^^^^
  File "C:\Users\acer\Downloads\Resume-AI-1\backend\.venv\Lib\site-packages\requests\adapters.py", line 729, in send
    raise ConnectionError(e, request=request)
requests.exceptions.ConnectionError: HTTPConnectionPool(host='jaeger-service.resumatch-ai.svc.cluster.local', port=4318): Max retries exceeded with url: /v1/traces (Caused by NameResolutionError("HTTPConnection(host='jaeger-service.resumatch-ai.svc.cluster.local', port=4318): Failed to resolve 'jaeger-service.resumatch-ai.svc.cluster.local' ([Errno 11001] getaddrinfo failed)"))
2026-08-03 21:13:23,092 - httpx - INFO - [_client.py:1740] - HTTP Request: GET https://fukxrsqmulucvfvowcou.supabase.co/auth/v1/user "HTTP/1.1 200 OK"
2026-08-03 21:13:23,226 - httpx - INFO - [_client.py:1740] - HTTP Request: GET https://fukxrsqmulucvfvowcou.supabase.co/auth/v1/user "HTTP/1.1 200 OK"
2026-08-03 21:13:26,866 - opentelemetry.sdk.trace.export - ERROR - [__init__.py:369] - Exception while exporting Span batch.
Traceback (most recent call last):
  File "C:\Users\acer\Downloads\Resume-AI-1\backend\.venv\Lib\site-packages\urllib3\connection.py", line 204, in _new_conn
    sock = connection.create_connection(
           ^^^^^^^^^^^^^^^^^^^^^^^^^^^^^
  File "C:\Users\acer\Downloads\Resume-AI-1\backend\.venv\Lib\site-packages\urllib3\util\connection.py", line 60, in create_connection
    for res in socket.getaddrinfo(host, port, family, socket.SOCK_STREAM):
               ^^^^^^^^^^^^^^^^^^^^^^^^^^^^^^^^^^^^^^^^^^^^^^^^^^^^^^^^^^
  File "C:\Python312\Lib\socket.py", line 963, in getaddrinfo
    for res in _socket.getaddrinfo(host, port, family, type, proto, flags):
               ^^^^^^^^^^^^^^^^^^^^^^^^^^^^^^^^^^^^^^^^^^^^^^^^^^^^^^^^^^^
socket.gaierror: [Errno 11001] getaddrinfo failed

The above exception was the direct cause of the following exception:

Traceback (most recent call last):
  File "C:\Users\acer\Downloads\Resume-AI-1\backend\.venv\Lib\site-packages\urllib3\connectionpool.py", line 788, in urlopen
    response = self._make_request(
               ^^^^^^^^^^^^^^^^^^^
  File "C:\Users\acer\Downloads\Resume-AI-1\backend\.venv\Lib\site-packages\urllib3\connectionpool.py", line 493, in _make_request
    conn.request(
  File "C:\Users\acer\Downloads\Resume-AI-1\backend\.venv\Lib\site-packages\urllib3\connection.py", line 500, in request
    self.endheaders()
  File "C:\Python312\Lib\http\client.py", line 1314, in endheaders
    self._send_output(message_body, encode_chunked=encode_chunked)
  File "C:\Python312\Lib\http\client.py", line 1074, in _send_output
    self.send(msg)
  File "C:\Python312\Lib\http\client.py", line 1018, in send
    self.connect()
  File "C:\Users\acer\Downloads\Resume-AI-1\backend\.venv\Lib\site-packages\urllib3\connection.py", line 331, in connect
    self.sock = self._new_conn()
                ^^^^^^^^^^^^^^^^
  File "C:\Users\acer\Downloads\Resume-AI-1\backend\.venv\Lib\site-packages\urllib3\connection.py", line 211, in _new_conn
    raise NameResolutionError(self.host, self, e) from e
urllib3.exceptions.NameResolutionError: HTTPConnection(host='jaeger-service.resumatch-ai.svc.cluster.local', port=4318): Failed to resolve 'jaeger-service.resumatch-ai.svc.cluster.local' ([Errno 11001] getaddrinfo failed)

The above exception was the direct cause of the following exception:

Traceback (most recent call last):
  File "C:\Users\acer\Downloads\Resume-AI-1\backend\.venv\Lib\site-packages\requests\adapters.py", line 696, in send
    resp = conn.urlopen(
           ^^^^^^^^^^^^^
  File "C:\Users\acer\Downloads\Resume-AI-1\backend\.venv\Lib\site-packages\opentelemetry\instrumentation\urllib3\__init__.py", line 226, in instrumented_urlopen
    return wrapped(*args, **kwargs)
           ^^^^^^^^^^^^^^^^^^^^^^^^
  File "C:\Users\acer\Downloads\Resume-AI-1\backend\.venv\Lib\site-packages\urllib3\connectionpool.py", line 842, in urlopen
    retries = retries.increment(
              ^^^^^^^^^^^^^^^^^^
  File "C:\Users\acer\Downloads\Resume-AI-1\backend\.venv\Lib\site-packages\urllib3\util\retry.py", line 543, in increment
    raise MaxRetryError(_pool, url, reason) from reason  # type: ignore[arg-type]
    ^^^^^^^^^^^^^^^^^^^^^^^^^^^^^^^^^^^^^^^^^^^^^^^^^^^
urllib3.exceptions.MaxRetryError: HTTPConnectionPool(host='jaeger-service.resumatch-ai.svc.cluster.local', port=4318): Max retries exceeded with url: /v1/traces (Caused by NameResolutionError("HTTPConnection(host='jaeger-service.resumatch-ai.svc.cluster.local', port=4318): Failed to resolve 'jaeger-service.resumatch-ai.svc.cluster.local' ([Errno 11001] getaddrinfo failed)"))

During handling of the above exception, another exception occurred:

Traceback (most recent call last):
  File "C:\Users\acer\Downloads\Resume-AI-1\backend\.venv\Lib\site-packages\opentelemetry\sdk\trace\export\__init__.py", line 367, in _export_batch
    self.span_exporter.export(self.spans_list[:idx])  # type: ignore
    ^^^^^^^^^^^^^^^^^^^^^^^^^^^^^^^^^^^^^^^^^^^^^^^^
  File "C:\Users\acer\Downloads\Resume-AI-1\backend\.venv\Lib\site-packages\opentelemetry\exporter\otlp\proto\http\trace_exporter\__init__.py", line 169, in export
    return self._export_serialized_spans(serialized_data)
           ^^^^^^^^^^^^^^^^^^^^^^^^^^^^^^^^^^^^^^^^^^^^^^
  File "C:\Users\acer\Downloads\Resume-AI-1\backend\.venv\Lib\site-packages\opentelemetry\exporter\otlp\proto\http\trace_exporter\__init__.py", line 139, in _export_serialized_spans
    resp = self._export(serialized_data)
           ^^^^^^^^^^^^^^^^^^^^^^^^^^^^^
  File "C:\Users\acer\Downloads\Resume-AI-1\backend\.venv\Lib\site-packages\opentelemetry\exporter\otlp\proto\http\trace_exporter\__init__.py", line 114, in _export
    return self._session.post(
           ^^^^^^^^^^^^^^^^^^^
  File "C:\Users\acer\Downloads\Resume-AI-1\backend\.venv\Lib\site-packages\requests\sessions.py", line 712, in post
    return self.request("POST", url, data=data, json=json, **kwargs)
           ^^^^^^^^^^^^^^^^^^^^^^^^^^^^^^^^^^^^^^^^^^^^^^^^^^^^^^^^^
  File "C:\Users\acer\Downloads\Resume-AI-1\backend\.venv\Lib\site-packages\requests\sessions.py", line 651, in request
    resp = self.send(prep, **send_kwargs)
           ^^^^^^^^^^^^^^^^^^^^^^^^^^^^^^
  File "C:\Users\acer\Downloads\Resume-AI-1\backend\.venv\Lib\site-packages\opentelemetry\instrumentation\requests\__init__.py", line 152, in instrumented_send
    return wrapped_send(self, request, **kwargs)
           ^^^^^^^^^^^^^^^^^^^^^^^^^^^^^^^^^^^^^
  File "C:\Users\acer\Downloads\Resume-AI-1\backend\.venv\Lib\site-packages\requests\sessions.py", line 784, in send
    r = adapter.send(request, **kwargs)
        ^^^^^^^^^^^^^^^^^^^^^^^^^^^^^^^
  File "C:\Users\acer\Downloads\Resume-AI-1\backend\.venv\Lib\site-packages\requests\adapters.py", line 729, in send
    raise ConnectionError(e, request=request)
requests.exceptions.ConnectionError: HTTPConnectionPool(host='jaeger-service.resumatch-ai.svc.cluster.local', port=4318): Max retries exceeded with url: /v1/traces (Caused by NameResolutionError("HTTPConnection(host='jaeger-service.resumatch-ai.svc.cluster.local', port=4318): Failed to resolve 'jaeger-service.resumatch-ai.svc.cluster.local' ([Errno 11001] getaddrinfo failed)"))
2026-08-03 21:13:39,026 - httpx - INFO - [_client.py:1740] - HTTP Request: GET https://fukxrsqmulucvfvowcou.supabase.co/auth/v1/user "HTTP/1.1 200 OK"
2026-08-03 21:13:39,266 - httpx - INFO - [_client.py:1740] - HTTP Request: GET https://fukxrsqmulucvfvowcou.supabase.co/auth/v1/user "HTTP/1.1 200 OK"
2026-08-03 21:13:41,900 - opentelemetry.sdk.trace.export - ERROR - [__init__.py:369] - Exception while exporting Span batch.
Traceback (most recent call last):
  File "C:\Users\acer\Downloads\Resume-AI-1\backend\.venv\Lib\site-packages\urllib3\connection.py", line 204, in _new_conn
    sock = connection.create_connection(
           ^^^^^^^^^^^^^^^^^^^^^^^^^^^^^
  File "C:\Users\acer\Downloads\Resume-AI-1\backend\.venv\Lib\site-packages\urllib3\util\connection.py", line 60, in create_connection
    for res in socket.getaddrinfo(host, port, family, socket.SOCK_STREAM):
               ^^^^^^^^^^^^^^^^^^^^^^^^^^^^^^^^^^^^^^^^^^^^^^^^^^^^^^^^^^
  File "C:\Python312\Lib\socket.py", line 963, in getaddrinfo
    for res in _socket.getaddrinfo(host, port, family, type, proto, flags):
               ^^^^^^^^^^^^^^^^^^^^^^^^^^^^^^^^^^^^^^^^^^^^^^^^^^^^^^^^^^^
socket.gaierror: [Errno 11001] getaddrinfo failed

The above exception was the direct cause of the following exception:

Traceback (most recent call last):
  File "C:\Users\acer\Downloads\Resume-AI-1\backend\.venv\Lib\site-packages\urllib3\connectionpool.py", line 788, in urlopen
    response = self._make_request(
               ^^^^^^^^^^^^^^^^^^^
  File "C:\Users\acer\Downloads\Resume-AI-1\backend\.venv\Lib\site-packages\urllib3\connectionpool.py", line 493, in _make_request
    conn.request(
  File "C:\Users\acer\Downloads\Resume-AI-1\backend\.venv\Lib\site-packages\urllib3\connection.py", line 500, in request
    self.endheaders()
  File "C:\Python312\Lib\http\client.py", line 1314, in endheaders
    self._send_output(message_body, encode_chunked=encode_chunked)
  File "C:\Python312\Lib\http\client.py", line 1074, in _send_output
    self.send(msg)
  File "C:\Python312\Lib\http\client.py", line 1018, in send
    self.connect()
  File "C:\Users\acer\Downloads\Resume-AI-1\backend\.venv\Lib\site-packages\urllib3\connection.py", line 331, in connect
    self.sock = self._new_conn()
                ^^^^^^^^^^^^^^^^
  File "C:\Users\acer\Downloads\Resume-AI-1\backend\.venv\Lib\site-packages\urllib3\connection.py", line 211, in _new_conn
    raise NameResolutionError(self.host, self, e) from e
urllib3.exceptions.NameResolutionError: HTTPConnection(host='jaeger-service.resumatch-ai.svc.cluster.local', port=4318): Failed to resolve 'jaeger-service.resumatch-ai.svc.cluster.local' ([Errno 11001] getaddrinfo failed)

The above exception was the direct cause of the following exception:

Traceback (most recent call last):
  File "C:\Users\acer\Downloads\Resume-AI-1\backend\.venv\Lib\site-packages\requests\adapters.py", line 696, in send
    resp = conn.urlopen(
           ^^^^^^^^^^^^^
  File "C:\Users\acer\Downloads\Resume-AI-1\backend\.venv\Lib\site-packages\opentelemetry\instrumentation\urllib3\__init__.py", line 226, in instrumented_urlopen
    return wrapped(*args, **kwargs)
           ^^^^^^^^^^^^^^^^^^^^^^^^
  File "C:\Users\acer\Downloads\Resume-AI-1\backend\.venv\Lib\site-packages\urllib3\connectionpool.py", line 842, in urlopen
    retries = retries.increment(
              ^^^^^^^^^^^^^^^^^^
  File "C:\Users\acer\Downloads\Resume-AI-1\backend\.venv\Lib\site-packages\urllib3\util\retry.py", line 543, in increment
    raise MaxRetryError(_pool, url, reason) from reason  # type: ignore[arg-type]
    ^^^^^^^^^^^^^^^^^^^^^^^^^^^^^^^^^^^^^^^^^^^^^^^^^^^
urllib3.exceptions.MaxRetryError: HTTPConnectionPool(host='jaeger-service.resumatch-ai.svc.cluster.local', port=4318): Max retries exceeded with url: /v1/traces (Caused by NameResolutionError("HTTPConnection(host='jaeger-service.resumatch-ai.svc.cluster.local', port=4318): Failed to resolve 'jaeger-service.resumatch-ai.svc.cluster.local' ([Errno 11001] getaddrinfo failed)"))

During handling of the above exception, another exception occurred:

Traceback (most recent call last):
  File "C:\Users\acer\Downloads\Resume-AI-1\backend\.venv\Lib\site-packages\opentelemetry\sdk\trace\export\__init__.py", line 367, in _export_batch
    self.span_exporter.export(self.spans_list[:idx])  # type: ignore
    ^^^^^^^^^^^^^^^^^^^^^^^^^^^^^^^^^^^^^^^^^^^^^^^^
  File "C:\Users\acer\Downloads\Resume-AI-1\backend\.venv\Lib\site-packages\opentelemetry\exporter\otlp\proto\http\trace_exporter\__init__.py", line 169, in export
    return self._export_serialized_spans(serialized_data)
           ^^^^^^^^^^^^^^^^^^^^^^^^^^^^^^^^^^^^^^^^^^^^^^
  File "C:\Users\acer\Downloads\Resume-AI-1\backend\.venv\Lib\site-packages\opentelemetry\exporter\otlp\proto\http\trace_exporter\__init__.py", line 139, in _export_serialized_spans
    resp = self._export(serialized_data)
           ^^^^^^^^^^^^^^^^^^^^^^^^^^^^^
  File "C:\Users\acer\Downloads\Resume-AI-1\backend\.venv\Lib\site-packages\opentelemetry\exporter\otlp\proto\http\trace_exporter\__init__.py", line 114, in _export
    return self._session.post(
           ^^^^^^^^^^^^^^^^^^^
  File "C:\Users\acer\Downloads\Resume-AI-1\backend\.venv\Lib\site-packages\requests\sessions.py", line 712, in post
    return self.request("POST", url, data=data, json=json, **kwargs)
           ^^^^^^^^^^^^^^^^^^^^^^^^^^^^^^^^^^^^^^^^^^^^^^^^^^^^^^^^^
  File "C:\Users\acer\Downloads\Resume-AI-1\backend\.venv\Lib\site-packages\requests\sessions.py", line 651, in request
    resp = self.send(prep, **send_kwargs)
           ^^^^^^^^^^^^^^^^^^^^^^^^^^^^^^
  File "C:\Users\acer\Downloads\Resume-AI-1\backend\.venv\Lib\site-packages\opentelemetry\instrumentation\requests\__init__.py", line 152, in instrumented_send
    return wrapped_send(self, request, **kwargs)
           ^^^^^^^^^^^^^^^^^^^^^^^^^^^^^^^^^^^^^
  File "C:\Users\acer\Downloads\Resume-AI-1\backend\.venv\Lib\site-packages\requests\sessions.py", line 784, in send
    r = adapter.send(request, **kwargs)
        ^^^^^^^^^^^^^^^^^^^^^^^^^^^^^^^
  File "C:\Users\acer\Downloads\Resume-AI-1\backend\.venv\Lib\site-packages\requests\adapters.py", line 729, in send
    raise ConnectionError(e, request=request)
requests.exceptions.ConnectionError: HTTPConnectionPool(host='jaeger-service.resumatch-ai.svc.cluster.local', port=4318): Max retries exceeded with url: /v1/traces (Caused by NameResolutionError("HTTPConnection(host='jaeger-service.resumatch-ai.svc.cluster.local', port=4318): Failed to resolve 'jaeger-service.resumatch-ai.svc.cluster.local' ([Errno 11001] getaddrinfo failed)"))
2026-08-03 21:15:10,582 - httpx - INFO - [_client.py:1740] - HTTP Request: GET https://fukxrsqmulucvfvowcou.supabase.co/auth/v1/user "HTTP/1.1 200 OK"
2026-08-03 21:15:10,717 - httpx - INFO - [_client.py:1740] - HTTP Request: GET https://fukxrsqmulucvfvowcou.supabase.co/auth/v1/user "HTTP/1.1 200 OK"
2026-08-03 21:15:12,357 - opentelemetry.sdk.trace.export - ERROR - [__init__.py:369] - Exception while exporting Span batch.
Traceback (most recent call last):
  File "C:\Users\acer\Downloads\Resume-AI-1\backend\.venv\Lib\site-packages\urllib3\connection.py", line 204, in _new_conn
    sock = connection.create_connection(
           ^^^^^^^^^^^^^^^^^^^^^^^^^^^^^
  File "C:\Users\acer\Downloads\Resume-AI-1\backend\.venv\Lib\site-packages\urllib3\util\connection.py", line 60, in create_connection
    for res in socket.getaddrinfo(host, port, family, socket.SOCK_STREAM):
               ^^^^^^^^^^^^^^^^^^^^^^^^^^^^^^^^^^^^^^^^^^^^^^^^^^^^^^^^^^
  File "C:\Python312\Lib\socket.py", line 963, in getaddrinfo
    for res in _socket.getaddrinfo(host, port, family, type, proto, flags):
               ^^^^^^^^^^^^^^^^^^^^^^^^^^^^^^^^^^^^^^^^^^^^^^^^^^^^^^^^^^^
socket.gaierror: [Errno 11001] getaddrinfo failed

The above exception was the direct cause of the following exception:

Traceback (most recent call last):
  File "C:\Users\acer\Downloads\Resume-AI-1\backend\.venv\Lib\site-packages\urllib3\connectionpool.py", line 788, in urlopen
    response = self._make_request(
               ^^^^^^^^^^^^^^^^^^^
  File "C:\Users\acer\Downloads\Resume-AI-1\backend\.venv\Lib\site-packages\urllib3\connectionpool.py", line 493, in _make_request
    conn.request(
  File "C:\Users\acer\Downloads\Resume-AI-1\backend\.venv\Lib\site-packages\urllib3\connection.py", line 500, in request
    self.endheaders()
  File "C:\Python312\Lib\http\client.py", line 1314, in endheaders
    self._send_output(message_body, encode_chunked=encode_chunked)
  File "C:\Python312\Lib\http\client.py", line 1074, in _send_output
    self.send(msg)
  File "C:\Python312\Lib\http\client.py", line 1018, in send
    self.connect()
  File "C:\Users\acer\Downloads\Resume-AI-1\backend\.venv\Lib\site-packages\urllib3\connection.py", line 331, in connect
    self.sock = self._new_conn()
                ^^^^^^^^^^^^^^^^
  File "C:\Users\acer\Downloads\Resume-AI-1\backend\.venv\Lib\site-packages\urllib3\connection.py", line 211, in _new_conn
    raise NameResolutionError(self.host, self, e) from e
urllib3.exceptions.NameResolutionError: HTTPConnection(host='jaeger-service.resumatch-ai.svc.cluster.local', port=4318): Failed to resolve 'jaeger-service.resumatch-ai.svc.cluster.local' ([Errno 11001] getaddrinfo failed)

The above exception was the direct cause of the following exception:

Traceback (most recent call last):
  File "C:\Users\acer\Downloads\Resume-AI-1\backend\.venv\Lib\site-packages\requests\adapters.py", line 696, in send
    resp = conn.urlopen(
           ^^^^^^^^^^^^^
  File "C:\Users\acer\Downloads\Resume-AI-1\backend\.venv\Lib\site-packages\opentelemetry\instrumentation\urllib3\__init__.py", line 226, in instrumented_urlopen
    return wrapped(*args, **kwargs)
           ^^^^^^^^^^^^^^^^^^^^^^^^
  File "C:\Users\acer\Downloads\Resume-AI-1\backend\.venv\Lib\site-packages\urllib3\connectionpool.py", line 842, in urlopen
    retries = retries.increment(
              ^^^^^^^^^^^^^^^^^^
  File "C:\Users\acer\Downloads\Resume-AI-1\backend\.venv\Lib\site-packages\urllib3\util\retry.py", line 543, in increment
    raise MaxRetryError(_pool, url, reason) from reason  # type: ignore[arg-type]
    ^^^^^^^^^^^^^^^^^^^^^^^^^^^^^^^^^^^^^^^^^^^^^^^^^^^
urllib3.exceptions.MaxRetryError: HTTPConnectionPool(host='jaeger-service.resumatch-ai.svc.cluster.local', port=4318): Max retries exceeded with url: /v1/traces (Caused by NameResolutionError("HTTPConnection(host='jaeger-service.resumatch-ai.svc.cluster.local', port=4318): Failed to resolve 'jaeger-service.resumatch-ai.svc.cluster.local' ([Errno 11001] getaddrinfo failed)"))

During handling of the above exception, another exception occurred:

Traceback (most recent call last):
  File "C:\Users\acer\Downloads\Resume-AI-1\backend\.venv\Lib\site-packages\opentelemetry\sdk\trace\export\__init__.py", line 367, in _export_batch
    self.span_exporter.export(self.spans_list[:idx])  # type: ignore
    ^^^^^^^^^^^^^^^^^^^^^^^^^^^^^^^^^^^^^^^^^^^^^^^^
  File "C:\Users\acer\Downloads\Resume-AI-1\backend\.venv\Lib\site-packages\opentelemetry\exporter\otlp\proto\http\trace_exporter\__init__.py", line 169, in export
    return self._export_serialized_spans(serialized_data)
           ^^^^^^^^^^^^^^^^^^^^^^^^^^^^^^^^^^^^^^^^^^^^^^
  File "C:\Users\acer\Downloads\Resume-AI-1\backend\.venv\Lib\site-packages\opentelemetry\exporter\otlp\proto\http\trace_exporter\__init__.py", line 139, in _export_serialized_spans
    resp = self._export(serialized_data)
           ^^^^^^^^^^^^^^^^^^^^^^^^^^^^^
  File "C:\Users\acer\Downloads\Resume-AI-1\backend\.venv\Lib\site-packages\opentelemetry\exporter\otlp\proto\http\trace_exporter\__init__.py", line 114, in _export
    return self._session.post(
           ^^^^^^^^^^^^^^^^^^^
  File "C:\Users\acer\Downloads\Resume-AI-1\backend\.venv\Lib\site-packages\requests\sessions.py", line 712, in post
    return self.request("POST", url, data=data, json=json, **kwargs)
           ^^^^^^^^^^^^^^^^^^^^^^^^^^^^^^^^^^^^^^^^^^^^^^^^^^^^^^^^^
  File "C:\Users\acer\Downloads\Resume-AI-1\backend\.venv\Lib\site-packages\requests\sessions.py", line 651, in request
    resp = self.send(prep, **send_kwargs)
           ^^^^^^^^^^^^^^^^^^^^^^^^^^^^^^
  File "C:\Users\acer\Downloads\Resume-AI-1\backend\.venv\Lib\site-packages\opentelemetry\instrumentation\requests\__init__.py", line 152, in instrumented_send
    return wrapped_send(self, request, **kwargs)
           ^^^^^^^^^^^^^^^^^^^^^^^^^^^^^^^^^^^^^
  File "C:\Users\acer\Downloads\Resume-AI-1\backend\.venv\Lib\site-packages\requests\sessions.py", line 784, in send
    r = adapter.send(request, **kwargs)
        ^^^^^^^^^^^^^^^^^^^^^^^^^^^^^^^
  File "C:\Users\acer\Downloads\Resume-AI-1\backend\.venv\Lib\site-packages\requests\adapters.py", line 729, in send
    raise ConnectionError(e, request=request)
requests.exceptions.ConnectionError: HTTPConnectionPool(host='jaeger-service.resumatch-ai.svc.cluster.local', port=4318): Max retries exceeded with url: /v1/traces (Caused by NameResolutionError("HTTPConnection(host='jaeger-service.resumatch-ai.svc.cluster.local', port=4318): Failed to resolve 'jaeger-service.resumatch-ai.svc.cluster.local' ([Errno 11001] getaddrinfo failed)"))
2026-08-03 21:15:58,729 - httpx - INFO - [_client.py:1740] - HTTP Request: GET https://fukxrsqmulucvfvowcou.supabase.co/auth/v1/user "HTTP/1.1 200 OK"
2026-08-03 21:15:59,251 - httpx - INFO - [_client.py:1740] - HTTP Request: GET https://fukxrsqmulucvfvowcou.supabase.co/auth/v1/user "HTTP/1.1 200 OK"
2026-08-03 21:16:02,419 - opentelemetry.sdk.trace.export - ERROR - [__init__.py:369] - Exception while exporting Span batch.
Traceback (most recent call last):
  File "C:\Users\acer\Downloads\Resume-AI-1\backend\.venv\Lib\site-packages\urllib3\connection.py", line 204, in _new_conn
    sock = connection.create_connection(
           ^^^^^^^^^^^^^^^^^^^^^^^^^^^^^
  File "C:\Users\acer\Downloads\Resume-AI-1\backend\.venv\Lib\site-packages\urllib3\util\connection.py", line 60, in create_connection
    for res in socket.getaddrinfo(host, port, family, socket.SOCK_STREAM):
               ^^^^^^^^^^^^^^^^^^^^^^^^^^^^^^^^^^^^^^^^^^^^^^^^^^^^^^^^^^
  File "C:\Python312\Lib\socket.py", line 963, in getaddrinfo
    for res in _socket.getaddrinfo(host, port, family, type, proto, flags):
               ^^^^^^^^^^^^^^^^^^^^^^^^^^^^^^^^^^^^^^^^^^^^^^^^^^^^^^^^^^^
socket.gaierror: [Errno 11001] getaddrinfo failed

The above exception was the direct cause of the following exception:

Traceback (most recent call last):
  File "C:\Users\acer\Downloads\Resume-AI-1\backend\.venv\Lib\site-packages\urllib3\connectionpool.py", line 788, in urlopen
    response = self._make_request(
               ^^^^^^^^^^^^^^^^^^^
  File "C:\Users\acer\Downloads\Resume-AI-1\backend\.venv\Lib\site-packages\urllib3\connectionpool.py", line 493, in _make_request
    conn.request(
  File "C:\Users\acer\Downloads\Resume-AI-1\backend\.venv\Lib\site-packages\urllib3\connection.py", line 500, in request
    self.endheaders()
  File "C:\Python312\Lib\http\client.py", line 1314, in endheaders
    self._send_output(message_body, encode_chunked=encode_chunked)
  File "C:\Python312\Lib\http\client.py", line 1074, in _send_output
    self.send(msg)
  File "C:\Python312\Lib\http\client.py", line 1018, in send
    self.connect()
  File "C:\Users\acer\Downloads\Resume-AI-1\backend\.venv\Lib\site-packages\urllib3\connection.py", line 331, in connect
    self.sock = self._new_conn()
                ^^^^^^^^^^^^^^^^
  File "C:\Users\acer\Downloads\Resume-AI-1\backend\.venv\Lib\site-packages\urllib3\connection.py", line 211, in _new_conn
    raise NameResolutionError(self.host, self, e) from e
urllib3.exceptions.NameResolutionError: HTTPConnection(host='jaeger-service.resumatch-ai.svc.cluster.local', port=4318): Failed to resolve 'jaeger-service.resumatch-ai.svc.cluster.local' ([Errno 11001] getaddrinfo failed)

The above exception was the direct cause of the following exception:

Traceback (most recent call last):
  File "C:\Users\acer\Downloads\Resume-AI-1\backend\.venv\Lib\site-packages\requests\adapters.py", line 696, in send
    resp = conn.urlopen(
           ^^^^^^^^^^^^^
  File "C:\Users\acer\Downloads\Resume-AI-1\backend\.venv\Lib\site-packages\opentelemetry\instrumentation\urllib3\__init__.py", line 226, in instrumented_urlopen
    return wrapped(*args, **kwargs)
           ^^^^^^^^^^^^^^^^^^^^^^^^
  File "C:\Users\acer\Downloads\Resume-AI-1\backend\.venv\Lib\site-packages\urllib3\connectionpool.py", line 842, in urlopen
    retries = retries.increment(
              ^^^^^^^^^^^^^^^^^^
  File "C:\Users\acer\Downloads\Resume-AI-1\backend\.venv\Lib\site-packages\urllib3\util\retry.py", line 543, in increment
    raise MaxRetryError(_pool, url, reason) from reason  # type: ignore[arg-type]
    ^^^^^^^^^^^^^^^^^^^^^^^^^^^^^^^^^^^^^^^^^^^^^^^^^^^
urllib3.exceptions.MaxRetryError: HTTPConnectionPool(host='jaeger-service.resumatch-ai.svc.cluster.local', port=4318): Max retries exceeded with url: /v1/traces (Caused by NameResolutionError("HTTPConnection(host='jaeger-service.resumatch-ai.svc.cluster.local', port=4318): Failed to resolve 'jaeger-service.resumatch-ai.svc.cluster.local' ([Errno 11001] getaddrinfo failed)"))

During handling of the above exception, another exception occurred:

Traceback (most recent call last):
  File "C:\Users\acer\Downloads\Resume-AI-1\backend\.venv\Lib\site-packages\opentelemetry\sdk\trace\export\__init__.py", line 367, in _export_batch
    self.span_exporter.export(self.spans_list[:idx])  # type: ignore
    ^^^^^^^^^^^^^^^^^^^^^^^^^^^^^^^^^^^^^^^^^^^^^^^^
  File "C:\Users\acer\Downloads\Resume-AI-1\backend\.venv\Lib\site-packages\opentelemetry\exporter\otlp\proto\http\trace_exporter\__init__.py", line 169, in export
    return self._export_serialized_spans(serialized_data)
           ^^^^^^^^^^^^^^^^^^^^^^^^^^^^^^^^^^^^^^^^^^^^^^
  File "C:\Users\acer\Downloads\Resume-AI-1\backend\.venv\Lib\site-packages\opentelemetry\exporter\otlp\proto\http\trace_exporter\__init__.py", line 139, in _export_serialized_spans
    resp = self._export(serialized_data)
           ^^^^^^^^^^^^^^^^^^^^^^^^^^^^^
  File "C:\Users\acer\Downloads\Resume-AI-1\backend\.venv\Lib\site-packages\opentelemetry\exporter\otlp\proto\http\trace_exporter\__init__.py", line 114, in _export
    return self._session.post(
           ^^^^^^^^^^^^^^^^^^^
  File "C:\Users\acer\Downloads\Resume-AI-1\backend\.venv\Lib\site-packages\requests\sessions.py", line 712, in post
    return self.request("POST", url, data=data, json=json, **kwargs)
           ^^^^^^^^^^^^^^^^^^^^^^^^^^^^^^^^^^^^^^^^^^^^^^^^^^^^^^^^^
  File "C:\Users\acer\Downloads\Resume-AI-1\backend\.venv\Lib\site-packages\requests\sessions.py", line 651, in request
    resp = self.send(prep, **send_kwargs)
           ^^^^^^^^^^^^^^^^^^^^^^^^^^^^^^
  File "C:\Users\acer\Downloads\Resume-AI-1\backend\.venv\Lib\site-packages\opentelemetry\instrumentation\requests\__init__.py", line 152, in instrumented_send
    return wrapped_send(self, request, **kwargs)
           ^^^^^^^^^^^^^^^^^^^^^^^^^^^^^^^^^^^^^
  File "C:\Users\acer\Downloads\Resume-AI-1\backend\.venv\Lib\site-packages\requests\sessions.py", line 784, in send
    r = adapter.send(request, **kwargs)
        ^^^^^^^^^^^^^^^^^^^^^^^^^^^^^^^
  File "C:\Users\acer\Downloads\Resume-AI-1\backend\.venv\Lib\site-packages\requests\adapters.py", line 729, in send
    raise ConnectionError(e, request=request)
requests.exceptions.ConnectionError: HTTPConnectionPool(host='jaeger-service.resumatch-ai.svc.cluster.local', port=4318): Max retries exceeded with url: /v1/traces (Caused by NameResolutionError("HTTPConnection(host='jaeger-service.resumatch-ai.svc.cluster.local', port=4318): Failed to resolve 'jaeger-service.resumatch-ai.svc.cluster.local' ([Errno 11001] getaddrinfo failed)"))
2026-08-03 21:16:06,694 - httpx - INFO - [_client.py:1740] - HTTP Request: GET https://fukxrsqmulucvfvowcou.supabase.co/auth/v1/user "HTTP/1.1 200 OK"
2026-08-03 21:16:06,826 - httpx - INFO - [_client.py:1740] - HTTP Request: GET https://fukxrsqmulucvfvowcou.supabase.co/auth/v1/user "HTTP/1.1 200 OK"
2026-08-03 21:16:07,441 - opentelemetry.sdk.trace.export - ERROR - [__init__.py:369] - Exception while exporting Span batch.
Traceback (most recent call last):
  File "C:\Users\acer\Downloads\Resume-AI-1\backend\.venv\Lib\site-packages\urllib3\connection.py", line 204, in _new_conn
    sock = connection.create_connection(
           ^^^^^^^^^^^^^^^^^^^^^^^^^^^^^
  File "C:\Users\acer\Downloads\Resume-AI-1\backend\.venv\Lib\site-packages\urllib3\util\connection.py", line 60, in create_connection
    for res in socket.getaddrinfo(host, port, family, socket.SOCK_STREAM):
               ^^^^^^^^^^^^^^^^^^^^^^^^^^^^^^^^^^^^^^^^^^^^^^^^^^^^^^^^^^
  File "C:\Python312\Lib\socket.py", line 963, in getaddrinfo
    for res in _socket.getaddrinfo(host, port, family, type, proto, flags):
               ^^^^^^^^^^^^^^^^^^^^^^^^^^^^^^^^^^^^^^^^^^^^^^^^^^^^^^^^^^^
socket.gaierror: [Errno 11001] getaddrinfo failed

The above exception was the direct cause of the following exception:

Traceback (most recent call last):
  File "C:\Users\acer\Downloads\Resume-AI-1\backend\.venv\Lib\site-packages\urllib3\connectionpool.py", line 788, in urlopen
    response = self._make_request(
               ^^^^^^^^^^^^^^^^^^^
  File "C:\Users\acer\Downloads\Resume-AI-1\backend\.venv\Lib\site-packages\urllib3\connectionpool.py", line 493, in _make_request
    conn.request(
  File "C:\Users\acer\Downloads\Resume-AI-1\backend\.venv\Lib\site-packages\urllib3\connection.py", line 500, in request
    self.endheaders()
  File "C:\Python312\Lib\http\client.py", line 1314, in endheaders
    self._send_output(message_body, encode_chunked=encode_chunked)
  File "C:\Python312\Lib\http\client.py", line 1074, in _send_output
    self.send(msg)
  File "C:\Python312\Lib\http\client.py", line 1018, in send
    self.connect()
  File "C:\Users\acer\Downloads\Resume-AI-1\backend\.venv\Lib\site-packages\urllib3\connection.py", line 331, in connect
    self.sock = self._new_conn()
                ^^^^^^^^^^^^^^^^
  File "C:\Users\acer\Downloads\Resume-AI-1\backend\.venv\Lib\site-packages\urllib3\connection.py", line 211, in _new_conn
    raise NameResolutionError(self.host, self, e) from e
urllib3.exceptions.NameResolutionError: HTTPConnection(host='jaeger-service.resumatch-ai.svc.cluster.local', port=4318): Failed to resolve 'jaeger-service.resumatch-ai.svc.cluster.local' ([Errno 11001] getaddrinfo failed)

The above exception was the direct cause of the following exception:

Traceback (most recent call last):
  File "C:\Users\acer\Downloads\Resume-AI-1\backend\.venv\Lib\site-packages\requests\adapters.py", line 696, in send
    resp = conn.urlopen(
           ^^^^^^^^^^^^^
  File "C:\Users\acer\Downloads\Resume-AI-1\backend\.venv\Lib\site-packages\opentelemetry\instrumentation\urllib3\__init__.py", line 226, in instrumented_urlopen
    return wrapped(*args, **kwargs)
           ^^^^^^^^^^^^^^^^^^^^^^^^
  File "C:\Users\acer\Downloads\Resume-AI-1\backend\.venv\Lib\site-packages\urllib3\connectionpool.py", line 842, in urlopen
    retries = retries.increment(
              ^^^^^^^^^^^^^^^^^^
  File "C:\Users\acer\Downloads\Resume-AI-1\backend\.venv\Lib\site-packages\urllib3\util\retry.py", line 543, in increment
    raise MaxRetryError(_pool, url, reason) from reason  # type: ignore[arg-type]
    ^^^^^^^^^^^^^^^^^^^^^^^^^^^^^^^^^^^^^^^^^^^^^^^^^^^
urllib3.exceptions.MaxRetryError: HTTPConnectionPool(host='jaeger-service.resumatch-ai.svc.cluster.local', port=4318): Max retries exceeded with url: /v1/traces (Caused by NameResolutionError("HTTPConnection(host='jaeger-service.resumatch-ai.svc.cluster.local', port=4318): Failed to resolve 'jaeger-service.resumatch-ai.svc.cluster.local' ([Errno 11001] getaddrinfo failed)"))

During handling of the above exception, another exception occurred:

Traceback (most recent call last):
  File "C:\Users\acer\Downloads\Resume-AI-1\backend\.venv\Lib\site-packages\opentelemetry\sdk\trace\export\__init__.py", line 367, in _export_batch
    self.span_exporter.export(self.spans_list[:idx])  # type: ignore
    ^^^^^^^^^^^^^^^^^^^^^^^^^^^^^^^^^^^^^^^^^^^^^^^^
  File "C:\Users\acer\Downloads\Resume-AI-1\backend\.venv\Lib\site-packages\opentelemetry\exporter\otlp\proto\http\trace_exporter\__init__.py", line 169, in export
    return self._export_serialized_spans(serialized_data)
           ^^^^^^^^^^^^^^^^^^^^^^^^^^^^^^^^^^^^^^^^^^^^^^
  File "C:\Users\acer\Downloads\Resume-AI-1\backend\.venv\Lib\site-packages\opentelemetry\exporter\otlp\proto\http\trace_exporter\__init__.py", line 139, in _export_serialized_spans
    resp = self._export(serialized_data)
           ^^^^^^^^^^^^^^^^^^^^^^^^^^^^^
  File "C:\Users\acer\Downloads\Resume-AI-1\backend\.venv\Lib\site-packages\opentelemetry\exporter\otlp\proto\http\trace_exporter\__init__.py", line 114, in _export
    return self._session.post(
           ^^^^^^^^^^^^^^^^^^^
  File "C:\Users\acer\Downloads\Resume-AI-1\backend\.venv\Lib\site-packages\requests\sessions.py", line 712, in post
    return self.request("POST", url, data=data, json=json, **kwargs)
           ^^^^^^^^^^^^^^^^^^^^^^^^^^^^^^^^^^^^^^^^^^^^^^^^^^^^^^^^^
  File "C:\Users\acer\Downloads\Resume-AI-1\backend\.venv\Lib\site-packages\requests\sessions.py", line 651, in request
    resp = self.send(prep, **send_kwargs)
           ^^^^^^^^^^^^^^^^^^^^^^^^^^^^^^
  File "C:\Users\acer\Downloads\Resume-AI-1\backend\.venv\Lib\site-packages\opentelemetry\instrumentation\requests\__init__.py", line 152, in instrumented_send
    return wrapped_send(self, request, **kwargs)
           ^^^^^^^^^^^^^^^^^^^^^^^^^^^^^^^^^^^^^
  File "C:\Users\acer\Downloads\Resume-AI-1\backend\.venv\Lib\site-packages\requests\sessions.py", line 784, in send
    r = adapter.send(request, **kwargs)
        ^^^^^^^^^^^^^^^^^^^^^^^^^^^^^^^
  File "C:\Users\acer\Downloads\Resume-AI-1\backend\.venv\Lib\site-packages\requests\adapters.py", line 729, in send
    raise ConnectionError(e, request=request)
requests.exceptions.ConnectionError: HTTPConnectionPool(host='jaeger-service.resumatch-ai.svc.cluster.local', port=4318): Max retries exceeded with url: /v1/traces (Caused by NameResolutionError("HTTPConnection(host='jaeger-service.resumatch-ai.svc.cluster.local', port=4318): Failed to resolve 'jaeger-service.resumatch-ai.svc.cluster.local' ([Errno 11001] getaddrinfo failed)"))
2026-08-03 21:16:31,264 - httpx - INFO - [_client.py:1740] - HTTP Request: GET https://fukxrsqmulucvfvowcou.supabase.co/auth/v1/user "HTTP/1.1 200 OK"
2026-08-03 21:16:31,744 - httpx - INFO - [_client.py:1740] - HTTP Request: GET https://fukxrsqmulucvfvowcou.supabase.co/auth/v1/user "HTTP/1.1 200 OK"
2026-08-03 21:16:32,463 - opentelemetry.sdk.trace.export - ERROR - [__init__.py:369] - Exception while exporting Span batch.
Traceback (most recent call last):
  File "C:\Users\acer\Downloads\Resume-AI-1\backend\.venv\Lib\site-packages\urllib3\connection.py", line 204, in _new_conn
    sock = connection.create_connection(
           ^^^^^^^^^^^^^^^^^^^^^^^^^^^^^
  File "C:\Users\acer\Downloads\Resume-AI-1\backend\.venv\Lib\site-packages\urllib3\util\connection.py", line 60, in create_connection
    for res in socket.getaddrinfo(host, port, family, socket.SOCK_STREAM):
               ^^^^^^^^^^^^^^^^^^^^^^^^^^^^^^^^^^^^^^^^^^^^^^^^^^^^^^^^^^
  File "C:\Python312\Lib\socket.py", line 963, in getaddrinfo
    for res in _socket.getaddrinfo(host, port, family, type, proto, flags):
               ^^^^^^^^^^^^^^^^^^^^^^^^^^^^^^^^^^^^^^^^^^^^^^^^^^^^^^^^^^^
socket.gaierror: [Errno 11001] getaddrinfo failed

The above exception was the direct cause of the following exception:

Traceback (most recent call last):
  File "C:\Users\acer\Downloads\Resume-AI-1\backend\.venv\Lib\site-packages\urllib3\connectionpool.py", line 788, in urlopen
    response = self._make_request(
               ^^^^^^^^^^^^^^^^^^^
  File "C:\Users\acer\Downloads\Resume-AI-1\backend\.venv\Lib\site-packages\urllib3\connectionpool.py", line 493, in _make_request
    conn.request(
  File "C:\Users\acer\Downloads\Resume-AI-1\backend\.venv\Lib\site-packages\urllib3\connection.py", line 500, in request
    self.endheaders()
  File "C:\Python312\Lib\http\client.py", line 1314, in endheaders
    self._send_output(message_body, encode_chunked=encode_chunked)
  File "C:\Python312\Lib\http\client.py", line 1074, in _send_output
    self.send(msg)
  File "C:\Python312\Lib\http\client.py", line 1018, in send
    self.connect()
  File "C:\Users\acer\Downloads\Resume-AI-1\backend\.venv\Lib\site-packages\urllib3\connection.py", line 331, in connect
    self.sock = self._new_conn()
                ^^^^^^^^^^^^^^^^
  File "C:\Users\acer\Downloads\Resume-AI-1\backend\.venv\Lib\site-packages\urllib3\connection.py", line 211, in _new_conn
    raise NameResolutionError(self.host, self, e) from e
urllib3.exceptions.NameResolutionError: HTTPConnection(host='jaeger-service.resumatch-ai.svc.cluster.local', port=4318): Failed to resolve 'jaeger-service.resumatch-ai.svc.cluster.local' ([Errno 11001] getaddrinfo failed)

The above exception was the direct cause of the following exception:

Traceback (most recent call last):
  File "C:\Users\acer\Downloads\Resume-AI-1\backend\.venv\Lib\site-packages\requests\adapters.py", line 696, in send
    resp = conn.urlopen(
           ^^^^^^^^^^^^^
  File "C:\Users\acer\Downloads\Resume-AI-1\backend\.venv\Lib\site-packages\opentelemetry\instrumentation\urllib3\__init__.py", line 226, in instrumented_urlopen
    return wrapped(*args, **kwargs)
           ^^^^^^^^^^^^^^^^^^^^^^^^
  File "C:\Users\acer\Downloads\Resume-AI-1\backend\.venv\Lib\site-packages\urllib3\connectionpool.py", line 842, in urlopen
    retries = retries.increment(
              ^^^^^^^^^^^^^^^^^^
  File "C:\Users\acer\Downloads\Resume-AI-1\backend\.venv\Lib\site-packages\urllib3\util\retry.py", line 543, in increment
    raise MaxRetryError(_pool, url, reason) from reason  # type: ignore[arg-type]
    ^^^^^^^^^^^^^^^^^^^^^^^^^^^^^^^^^^^^^^^^^^^^^^^^^^^
urllib3.exceptions.MaxRetryError: HTTPConnectionPool(host='jaeger-service.resumatch-ai.svc.cluster.local', port=4318): Max retries exceeded with url: /v1/traces (Caused by NameResolutionError("HTTPConnection(host='jaeger-service.resumatch-ai.svc.cluster.local', port=4318): Failed to resolve 'jaeger-service.resumatch-ai.svc.cluster.local' ([Errno 11001] getaddrinfo failed)"))

During handling of the above exception, another exception occurred:

Traceback (most recent call last):
  File "C:\Users\acer\Downloads\Resume-AI-1\backend\.venv\Lib\site-packages\opentelemetry\sdk\trace\export\__init__.py", line 367, in _export_batch
    self.span_exporter.export(self.spans_list[:idx])  # type: ignore
    ^^^^^^^^^^^^^^^^^^^^^^^^^^^^^^^^^^^^^^^^^^^^^^^^
  File "C:\Users\acer\Downloads\Resume-AI-1\backend\.venv\Lib\site-packages\opentelemetry\exporter\otlp\proto\http\trace_exporter\__init__.py", line 169, in export
    return self._export_serialized_spans(serialized_data)
           ^^^^^^^^^^^^^^^^^^^^^^^^^^^^^^^^^^^^^^^^^^^^^^
  File "C:\Users\acer\Downloads\Resume-AI-1\backend\.venv\Lib\site-packages\opentelemetry\exporter\otlp\proto\http\trace_exporter\__init__.py", line 139, in _export_serialized_spans
    resp = self._export(serialized_data)
           ^^^^^^^^^^^^^^^^^^^^^^^^^^^^^
  File "C:\Users\acer\Downloads\Resume-AI-1\backend\.venv\Lib\site-packages\opentelemetry\exporter\otlp\proto\http\trace_exporter\__init__.py", line 114, in _export
    return self._session.post(
           ^^^^^^^^^^^^^^^^^^^
  File "C:\Users\acer\Downloads\Resume-AI-1\backend\.venv\Lib\site-packages\requests\sessions.py", line 712, in post
    return self.request("POST", url, data=data, json=json, **kwargs)
           ^^^^^^^^^^^^^^^^^^^^^^^^^^^^^^^^^^^^^^^^^^^^^^^^^^^^^^^^^
  File "C:\Users\acer\Downloads\Resume-AI-1\backend\.venv\Lib\site-packages\requests\sessions.py", line 651, in request
    resp = self.send(prep, **send_kwargs)
           ^^^^^^^^^^^^^^^^^^^^^^^^^^^^^^
  File "C:\Users\acer\Downloads\Resume-AI-1\backend\.venv\Lib\site-packages\opentelemetry\instrumentation\requests\__init__.py", line 152, in instrumented_send
    return wrapped_send(self, request, **kwargs)
           ^^^^^^^^^^^^^^^^^^^^^^^^^^^^^^^^^^^^^
  File "C:\Users\acer\Downloads\Resume-AI-1\backend\.venv\Lib\site-packages\requests\sessions.py", line 784, in send
    r = adapter.send(request, **kwargs)
        ^^^^^^^^^^^^^^^^^^^^^^^^^^^^^^^
  File "C:\Users\acer\Downloads\Resume-AI-1\backend\.venv\Lib\site-packages\requests\adapters.py", line 729, in send
    raise ConnectionError(e, request=request)
requests.exceptions.ConnectionError: HTTPConnectionPool(host='jaeger-service.resumatch-ai.svc.cluster.local', port=4318): Max retries exceeded with url: /v1/traces (Caused by NameResolutionError("HTTPConnection(host='jaeger-service.resumatch-ai.svc.cluster.local', port=4318): Failed to resolve 'jaeger-service.resumatch-ai.svc.cluster.local' ([Errno 11001] getaddrinfo failed)"))
2026-08-03 21:17:09,602 - httpx - INFO - [_client.py:1740] - HTTP Request: GET https://fukxrsqmulucvfvowcou.supabase.co/auth/v1/user "HTTP/1.1 200 OK"
2026-08-03 21:17:10,451 - httpx - INFO - [_client.py:1740] - HTTP Request: GET https://fukxrsqmulucvfvowcou.supabase.co/auth/v1/user "HTTP/1.1 200 OK"
2026-08-03 21:17:12,541 - opentelemetry.sdk.trace.export - ERROR - [__init__.py:369] - Exception while exporting Span batch.
Traceback (most recent call last):
  File "C:\Users\acer\Downloads\Resume-AI-1\backend\.venv\Lib\site-packages\urllib3\connection.py", line 204, in _new_conn
    sock = connection.create_connection(
           ^^^^^^^^^^^^^^^^^^^^^^^^^^^^^
  File "C:\Users\acer\Downloads\Resume-AI-1\backend\.venv\Lib\site-packages\urllib3\util\connection.py", line 60, in create_connection
    for res in socket.getaddrinfo(host, port, family, socket.SOCK_STREAM):
               ^^^^^^^^^^^^^^^^^^^^^^^^^^^^^^^^^^^^^^^^^^^^^^^^^^^^^^^^^^
  File "C:\Python312\Lib\socket.py", line 963, in getaddrinfo
    for res in _socket.getaddrinfo(host, port, family, type, proto, flags):
               ^^^^^^^^^^^^^^^^^^^^^^^^^^^^^^^^^^^^^^^^^^^^^^^^^^^^^^^^^^^
socket.gaierror: [Errno 11001] getaddrinfo failed

The above exception was the direct cause of the following exception:

Traceback (most recent call last):
  File "C:\Users\acer\Downloads\Resume-AI-1\backend\.venv\Lib\site-packages\urllib3\connectionpool.py", line 788, in urlopen
    response = self._make_request(
               ^^^^^^^^^^^^^^^^^^^
  File "C:\Users\acer\Downloads\Resume-AI-1\backend\.venv\Lib\site-packages\urllib3\connectionpool.py", line 493, in _make_request
    conn.request(
  File "C:\Users\acer\Downloads\Resume-AI-1\backend\.venv\Lib\site-packages\urllib3\connection.py", line 500, in request
    self.endheaders()
  File "C:\Python312\Lib\http\client.py", line 1314, in endheaders
    self._send_output(message_body, encode_chunked=encode_chunked)
  File "C:\Python312\Lib\http\client.py", line 1074, in _send_output
    self.send(msg)
  File "C:\Python312\Lib\http\client.py", line 1018, in send
    self.connect()
  File "C:\Users\acer\Downloads\Resume-AI-1\backend\.venv\Lib\site-packages\urllib3\connection.py", line 331, in connect
    self.sock = self._new_conn()
                ^^^^^^^^^^^^^^^^
  File "C:\Users\acer\Downloads\Resume-AI-1\backend\.venv\Lib\site-packages\urllib3\connection.py", line 211, in _new_conn
    raise NameResolutionError(self.host, self, e) from e
urllib3.exceptions.NameResolutionError: HTTPConnection(host='jaeger-service.resumatch-ai.svc.cluster.local', port=4318): Failed to resolve 'jaeger-service.resumatch-ai.svc.cluster.local' ([Errno 11001] getaddrinfo failed)

The above exception was the direct cause of the following exception:

Traceback (most recent call last):
  File "C:\Users\acer\Downloads\Resume-AI-1\backend\.venv\Lib\site-packages\requests\adapters.py", line 696, in send
    resp = conn.urlopen(
           ^^^^^^^^^^^^^
  File "C:\Users\acer\Downloads\Resume-AI-1\backend\.venv\Lib\site-packages\opentelemetry\instrumentation\urllib3\__init__.py", line 226, in instrumented_urlopen
    return wrapped(*args, **kwargs)
           ^^^^^^^^^^^^^^^^^^^^^^^^
  File "C:\Users\acer\Downloads\Resume-AI-1\backend\.venv\Lib\site-packages\urllib3\connectionpool.py", line 842, in urlopen
    retries = retries.increment(
              ^^^^^^^^^^^^^^^^^^
  File "C:\Users\acer\Downloads\Resume-AI-1\backend\.venv\Lib\site-packages\urllib3\util\retry.py", line 543, in increment
    raise MaxRetryError(_pool, url, reason) from reason  # type: ignore[arg-type]
    ^^^^^^^^^^^^^^^^^^^^^^^^^^^^^^^^^^^^^^^^^^^^^^^^^^^
urllib3.exceptions.MaxRetryError: HTTPConnectionPool(host='jaeger-service.resumatch-ai.svc.cluster.local', port=4318): Max retries exceeded with url: /v1/traces (Caused by NameResolutionError("HTTPConnection(host='jaeger-service.resumatch-ai.svc.cluster.local', port=4318): Failed to resolve 'jaeger-service.resumatch-ai.svc.cluster.local' ([Errno 11001] getaddrinfo failed)"))

During handling of the above exception, another exception occurred:

Traceback (most recent call last):
  File "C:\Users\acer\Downloads\Resume-AI-1\backend\.venv\Lib\site-packages\opentelemetry\sdk\trace\export\__init__.py", line 367, in _export_batch
    self.span_exporter.export(self.spans_list[:idx])  # type: ignore
    ^^^^^^^^^^^^^^^^^^^^^^^^^^^^^^^^^^^^^^^^^^^^^^^^
  File "C:\Users\acer\Downloads\Resume-AI-1\backend\.venv\Lib\site-packages\opentelemetry\exporter\otlp\proto\http\trace_exporter\__init__.py", line 169, in export
    return self._export_serialized_spans(serialized_data)
           ^^^^^^^^^^^^^^^^^^^^^^^^^^^^^^^^^^^^^^^^^^^^^^
  File "C:\Users\acer\Downloads\Resume-AI-1\backend\.venv\Lib\site-packages\opentelemetry\exporter\otlp\proto\http\trace_exporter\__init__.py", line 139, in _export_serialized_spans
    resp = self._export(serialized_data)
           ^^^^^^^^^^^^^^^^^^^^^^^^^^^^^
  File "C:\Users\acer\Downloads\Resume-AI-1\backend\.venv\Lib\site-packages\opentelemetry\exporter\otlp\proto\http\trace_exporter\__init__.py", line 114, in _export
    return self._session.post(
           ^^^^^^^^^^^^^^^^^^^
  File "C:\Users\acer\Downloads\Resume-AI-1\backend\.venv\Lib\site-packages\requests\sessions.py", line 712, in post
    return self.request("POST", url, data=data, json=json, **kwargs)
           ^^^^^^^^^^^^^^^^^^^^^^^^^^^^^^^^^^^^^^^^^^^^^^^^^^^^^^^^^
  File "C:\Users\acer\Downloads\Resume-AI-1\backend\.venv\Lib\site-packages\requests\sessions.py", line 651, in request
    resp = self.send(prep, **send_kwargs)
           ^^^^^^^^^^^^^^^^^^^^^^^^^^^^^^
  File "C:\Users\acer\Downloads\Resume-AI-1\backend\.venv\Lib\site-packages\opentelemetry\instrumentation\requests\__init__.py", line 152, in instrumented_send
    return wrapped_send(self, request, **kwargs)
           ^^^^^^^^^^^^^^^^^^^^^^^^^^^^^^^^^^^^^
  File "C:\Users\acer\Downloads\Resume-AI-1\backend\.venv\Lib\site-packages\requests\sessions.py", line 784, in send
    r = adapter.send(request, **kwargs)
        ^^^^^^^^^^^^^^^^^^^^^^^^^^^^^^^
  File "C:\Users\acer\Downloads\Resume-AI-1\backend\.venv\Lib\site-packages\requests\adapters.py", line 729, in send
    raise ConnectionError(e, request=request)
requests.exceptions.ConnectionError: HTTPConnectionPool(host='jaeger-service.resumatch-ai.svc.cluster.local', port=4318): Max retries exceeded with url: /v1/traces (Caused by NameResolutionError("HTTPConnection(host='jaeger-service.resumatch-ai.svc.cluster.local', port=4318): Failed to resolve 'jaeger-service.resumatch-ai.svc.cluster.local' ([Errno 11001] getaddrinfo failed)"))
2026-08-03 21:17:22,131 - httpx - INFO - [_client.py:1740] - HTTP Request: GET https://fukxrsqmulucvfvowcou.supabase.co/auth/v1/user "HTTP/1.1 200 OK"
2026-08-03 21:17:22,298 - httpx - INFO - [_client.py:1740] - HTTP Request: GET https://fukxrsqmulucvfvowcou.supabase.co/auth/v1/user "HTTP/1.1 200 OK"
2026-08-03 21:17:22,550 - opentelemetry.sdk.trace.export - ERROR - [__init__.py:369] - Exception while exporting Span batch.
Traceback (most recent call last):
  File "C:\Users\acer\Downloads\Resume-AI-1\backend\.venv\Lib\site-packages\urllib3\connection.py", line 204, in _new_conn
    sock = connection.create_connection(
           ^^^^^^^^^^^^^^^^^^^^^^^^^^^^^
  File "C:\Users\acer\Downloads\Resume-AI-1\backend\.venv\Lib\site-packages\urllib3\util\connection.py", line 60, in create_connection
    for res in socket.getaddrinfo(host, port, family, socket.SOCK_STREAM):
               ^^^^^^^^^^^^^^^^^^^^^^^^^^^^^^^^^^^^^^^^^^^^^^^^^^^^^^^^^^
  File "C:\Python312\Lib\socket.py", line 963, in getaddrinfo
    for res in _socket.getaddrinfo(host, port, family, type, proto, flags):
               ^^^^^^^^^^^^^^^^^^^^^^^^^^^^^^^^^^^^^^^^^^^^^^^^^^^^^^^^^^^
socket.gaierror: [Errno 11001] getaddrinfo failed

The above exception was the direct cause of the following exception:

Traceback (most recent call last):
  File "C:\Users\acer\Downloads\Resume-AI-1\backend\.venv\Lib\site-packages\urllib3\connectionpool.py", line 788, in urlopen
    response = self._make_request(
               ^^^^^^^^^^^^^^^^^^^
  File "C:\Users\acer\Downloads\Resume-AI-1\backend\.venv\Lib\site-packages\urllib3\connectionpool.py", line 493, in _make_request
    conn.request(
  File "C:\Users\acer\Downloads\Resume-AI-1\backend\.venv\Lib\site-packages\urllib3\connection.py", line 500, in request
    self.endheaders()
  File "C:\Python312\Lib\http\client.py", line 1314, in endheaders
    self._send_output(message_body, encode_chunked=encode_chunked)
  File "C:\Python312\Lib\http\client.py", line 1074, in _send_output
    self.send(msg)
  File "C:\Python312\Lib\http\client.py", line 1018, in send
    self.connect()
  File "C:\Users\acer\Downloads\Resume-AI-1\backend\.venv\Lib\site-packages\urllib3\connection.py", line 331, in connect
    self.sock = self._new_conn()
                ^^^^^^^^^^^^^^^^
  File "C:\Users\acer\Downloads\Resume-AI-1\backend\.venv\Lib\site-packages\urllib3\connection.py", line 211, in _new_conn
    raise NameResolutionError(self.host, self, e) from e
urllib3.exceptions.NameResolutionError: HTTPConnection(host='jaeger-service.resumatch-ai.svc.cluster.local', port=4318): Failed to resolve 'jaeger-service.resumatch-ai.svc.cluster.local' ([Errno 11001] getaddrinfo failed)

The above exception was the direct cause of the following exception:

Traceback (most recent call last):
  File "C:\Users\acer\Downloads\Resume-AI-1\backend\.venv\Lib\site-packages\requests\adapters.py", line 696, in send
    resp = conn.urlopen(
           ^^^^^^^^^^^^^
  File "C:\Users\acer\Downloads\Resume-AI-1\backend\.venv\Lib\site-packages\opentelemetry\instrumentation\urllib3\__init__.py", line 226, in instrumented_urlopen
    return wrapped(*args, **kwargs)
           ^^^^^^^^^^^^^^^^^^^^^^^^
  File "C:\Users\acer\Downloads\Resume-AI-1\backend\.venv\Lib\site-packages\urllib3\connectionpool.py", line 842, in urlopen
    retries = retries.increment(
              ^^^^^^^^^^^^^^^^^^
  File "C:\Users\acer\Downloads\Resume-AI-1\backend\.venv\Lib\site-packages\urllib3\util\retry.py", line 543, in increment
    raise MaxRetryError(_pool, url, reason) from reason  # type: ignore[arg-type]
    ^^^^^^^^^^^^^^^^^^^^^^^^^^^^^^^^^^^^^^^^^^^^^^^^^^^
urllib3.exceptions.MaxRetryError: HTTPConnectionPool(host='jaeger-service.resumatch-ai.svc.cluster.local', port=4318): Max retries exceeded with url: /v1/traces (Caused by NameResolutionError("HTTPConnection(host='jaeger-service.resumatch-ai.svc.cluster.local', port=4318): Failed to resolve 'jaeger-service.resumatch-ai.svc.cluster.local' ([Errno 11001] getaddrinfo failed)"))

During handling of the above exception, another exception occurred:

Traceback (most recent call last):
  File "C:\Users\acer\Downloads\Resume-AI-1\backend\.venv\Lib\site-packages\opentelemetry\sdk\trace\export\__init__.py", line 367, in _export_batch
    self.span_exporter.export(self.spans_list[:idx])  # type: ignore
    ^^^^^^^^^^^^^^^^^^^^^^^^^^^^^^^^^^^^^^^^^^^^^^^^
  File "C:\Users\acer\Downloads\Resume-AI-1\backend\.venv\Lib\site-packages\opentelemetry\exporter\otlp\proto\http\trace_exporter\__init__.py", line 169, in export
    return self._export_serialized_spans(serialized_data)
           ^^^^^^^^^^^^^^^^^^^^^^^^^^^^^^^^^^^^^^^^^^^^^^
  File "C:\Users\acer\Downloads\Resume-AI-1\backend\.venv\Lib\site-packages\opentelemetry\exporter\otlp\proto\http\trace_exporter\__init__.py", line 139, in _export_serialized_spans
    resp = self._export(serialized_data)
           ^^^^^^^^^^^^^^^^^^^^^^^^^^^^^
  File "C:\Users\acer\Downloads\Resume-AI-1\backend\.venv\Lib\site-packages\opentelemetry\exporter\otlp\proto\http\trace_exporter\__init__.py", line 114, in _export
    return self._session.post(
           ^^^^^^^^^^^^^^^^^^^
  File "C:\Users\acer\Downloads\Resume-AI-1\backend\.venv\Lib\site-packages\requests\sessions.py", line 712, in post
    return self.request("POST", url, data=data, json=json, **kwargs)
           ^^^^^^^^^^^^^^^^^^^^^^^^^^^^^^^^^^^^^^^^^^^^^^^^^^^^^^^^^
  File "C:\Users\acer\Downloads\Resume-AI-1\backend\.venv\Lib\site-packages\requests\sessions.py", line 651, in request
    resp = self.send(prep, **send_kwargs)
           ^^^^^^^^^^^^^^^^^^^^^^^^^^^^^^
  File "C:\Users\acer\Downloads\Resume-AI-1\backend\.venv\Lib\site-packages\opentelemetry\instrumentation\requests\__init__.py", line 152, in instrumented_send
    return wrapped_send(self, request, **kwargs)
           ^^^^^^^^^^^^^^^^^^^^^^^^^^^^^^^^^^^^^
  File "C:\Users\acer\Downloads\Resume-AI-1\backend\.venv\Lib\site-packages\requests\sessions.py", line 784, in send
    r = adapter.send(request, **kwargs)
        ^^^^^^^^^^^^^^^^^^^^^^^^^^^^^^^
  File "C:\Users\acer\Downloads\Resume-AI-1\backend\.venv\Lib\site-packages\requests\adapters.py", line 729, in send
    raise ConnectionError(e, request=request)
requests.exceptions.ConnectionError: HTTPConnectionPool(host='jaeger-service.resumatch-ai.svc.cluster.local', port=4318): Max retries exceeded with url: /v1/traces (Caused by NameResolutionError("HTTPConnection(host='jaeger-service.resumatch-ai.svc.cluster.local', port=4318): Failed to resolve 'jaeger-service.resumatch-ai.svc.cluster.local' ([Errno 11001] getaddrinfo failed)"))
2026-08-03 21:19:04,883 - httpx - INFO - [_client.py:1740] - HTTP Request: GET https://fukxrsqmulucvfvowcou.supabase.co/auth/v1/user "HTTP/1.1 200 OK"
2026-08-03 21:19:04,912 - httpx - INFO - [_client.py:1740] - HTTP Request: GET https://fukxrsqmulucvfvowcou.supabase.co/auth/v1/user "HTTP/1.1 200 OK"
2026-08-03 21:19:07,783 - opentelemetry.sdk.trace.export - ERROR - [__init__.py:369] - Exception while exporting Span batch.
Traceback (most recent call last):
  File "C:\Users\acer\Downloads\Resume-AI-1\backend\.venv\Lib\site-packages\urllib3\connection.py", line 204, in _new_conn
    sock = connection.create_connection(
           ^^^^^^^^^^^^^^^^^^^^^^^^^^^^^
  File "C:\Users\acer\Downloads\Resume-AI-1\backend\.venv\Lib\site-packages\urllib3\util\connection.py", line 60, in create_connection
    for res in socket.getaddrinfo(host, port, family, socket.SOCK_STREAM):
               ^^^^^^^^^^^^^^^^^^^^^^^^^^^^^^^^^^^^^^^^^^^^^^^^^^^^^^^^^^
  File "C:\Python312\Lib\socket.py", line 963, in getaddrinfo
    for res in _socket.getaddrinfo(host, port, family, type, proto, flags):
               ^^^^^^^^^^^^^^^^^^^^^^^^^^^^^^^^^^^^^^^^^^^^^^^^^^^^^^^^^^^
socket.gaierror: [Errno 11001] getaddrinfo failed

The above exception was the direct cause of the following exception:

Traceback (most recent call last):
  File "C:\Users\acer\Downloads\Resume-AI-1\backend\.venv\Lib\site-packages\urllib3\connectionpool.py", line 788, in urlopen
    response = self._make_request(
               ^^^^^^^^^^^^^^^^^^^
  File "C:\Users\acer\Downloads\Resume-AI-1\backend\.venv\Lib\site-packages\urllib3\connectionpool.py", line 493, in _make_request
    conn.request(
  File "C:\Users\acer\Downloads\Resume-AI-1\backend\.venv\Lib\site-packages\urllib3\connection.py", line 500, in request
    self.endheaders()
  File "C:\Python312\Lib\http\client.py", line 1314, in endheaders
    self._send_output(message_body, encode_chunked=encode_chunked)
  File "C:\Python312\Lib\http\client.py", line 1074, in _send_output
    self.send(msg)
  File "C:\Python312\Lib\http\client.py", line 1018, in send
    self.connect()
  File "C:\Users\acer\Downloads\Resume-AI-1\backend\.venv\Lib\site-packages\urllib3\connection.py", line 331, in connect
    self.sock = self._new_conn()
                ^^^^^^^^^^^^^^^^
  File "C:\Users\acer\Downloads\Resume-AI-1\backend\.venv\Lib\site-packages\urllib3\connection.py", line 211, in _new_conn
    raise NameResolutionError(self.host, self, e) from e
urllib3.exceptions.NameResolutionError: HTTPConnection(host='jaeger-service.resumatch-ai.svc.cluster.local', port=4318): Failed to resolve 'jaeger-service.resumatch-ai.svc.cluster.local' ([Errno 11001] getaddrinfo failed)

The above exception was the direct cause of the following exception:

Traceback (most recent call last):
  File "C:\Users\acer\Downloads\Resume-AI-1\backend\.venv\Lib\site-packages\requests\adapters.py", line 696, in send
    resp = conn.urlopen(
           ^^^^^^^^^^^^^
  File "C:\Users\acer\Downloads\Resume-AI-1\backend\.venv\Lib\site-packages\opentelemetry\instrumentation\urllib3\__init__.py", line 226, in instrumented_urlopen
    return wrapped(*args, **kwargs)
           ^^^^^^^^^^^^^^^^^^^^^^^^
  File "C:\Users\acer\Downloads\Resume-AI-1\backend\.venv\Lib\site-packages\urllib3\connectionpool.py", line 842, in urlopen
    retries = retries.increment(
              ^^^^^^^^^^^^^^^^^^
  File "C:\Users\acer\Downloads\Resume-AI-1\backend\.venv\Lib\site-packages\urllib3\util\retry.py", line 543, in increment
    raise MaxRetryError(_pool, url, reason) from reason  # type: ignore[arg-type]
    ^^^^^^^^^^^^^^^^^^^^^^^^^^^^^^^^^^^^^^^^^^^^^^^^^^^
urllib3.exceptions.MaxRetryError: HTTPConnectionPool(host='jaeger-service.resumatch-ai.svc.cluster.local', port=4318): Max retries exceeded with url: /v1/traces (Caused by NameResolutionError("HTTPConnection(host='jaeger-service.resumatch-ai.svc.cluster.local', port=4318): Failed to resolve 'jaeger-service.resumatch-ai.svc.cluster.local' ([Errno 11001] getaddrinfo failed)"))

During handling of the above exception, another exception occurred:

Traceback (most recent call last):
  File "C:\Users\acer\Downloads\Resume-AI-1\backend\.venv\Lib\site-packages\opentelemetry\sdk\trace\export\__init__.py", line 367, in _export_batch
    self.span_exporter.export(self.spans_list[:idx])  # type: ignore
    ^^^^^^^^^^^^^^^^^^^^^^^^^^^^^^^^^^^^^^^^^^^^^^^^
  File "C:\Users\acer\Downloads\Resume-AI-1\backend\.venv\Lib\site-packages\opentelemetry\exporter\otlp\proto\http\trace_exporter\__init__.py", line 169, in export
    return self._export_serialized_spans(serialized_data)
           ^^^^^^^^^^^^^^^^^^^^^^^^^^^^^^^^^^^^^^^^^^^^^^
  File "C:\Users\acer\Downloads\Resume-AI-1\backend\.venv\Lib\site-packages\opentelemetry\exporter\otlp\proto\http\trace_exporter\__init__.py", line 139, in _export_serialized_spans
    resp = self._export(serialized_data)
           ^^^^^^^^^^^^^^^^^^^^^^^^^^^^^
  File "C:\Users\acer\Downloads\Resume-AI-1\backend\.venv\Lib\site-packages\opentelemetry\exporter\otlp\proto\http\trace_exporter\__init__.py", line 114, in _export
    return self._session.post(
           ^^^^^^^^^^^^^^^^^^^
  File "C:\Users\acer\Downloads\Resume-AI-1\backend\.venv\Lib\site-packages\requests\sessions.py", line 712, in post
    return self.request("POST", url, data=data, json=json, **kwargs)
           ^^^^^^^^^^^^^^^^^^^^^^^^^^^^^^^^^^^^^^^^^^^^^^^^^^^^^^^^^
  File "C:\Users\acer\Downloads\Resume-AI-1\backend\.venv\Lib\site-packages\requests\sessions.py", line 651, in request
    resp = self.send(prep, **send_kwargs)
           ^^^^^^^^^^^^^^^^^^^^^^^^^^^^^^
  File "C:\Users\acer\Downloads\Resume-AI-1\backend\.venv\Lib\site-packages\opentelemetry\instrumentation\requests\__init__.py", line 152, in instrumented_send
    return wrapped_send(self, request, **kwargs)
           ^^^^^^^^^^^^^^^^^^^^^^^^^^^^^^^^^^^^^
  File "C:\Users\acer\Downloads\Resume-AI-1\backend\.venv\Lib\site-packages\requests\sessions.py", line 784, in send
    r = adapter.send(request, **kwargs)
        ^^^^^^^^^^^^^^^^^^^^^^^^^^^^^^^
  File "C:\Users\acer\Downloads\Resume-AI-1\backend\.venv\Lib\site-packages\requests\adapters.py", line 729, in send
    raise ConnectionError(e, request=request)
requests.exceptions.ConnectionError: HTTPConnectionPool(host='jaeger-service.resumatch-ai.svc.cluster.local', port=4318): Max retries exceeded with url: /v1/traces (Caused by NameResolutionError("HTTPConnection(host='jaeger-service.resumatch-ai.svc.cluster.local', port=4318): Failed to resolve 'jaeger-service.resumatch-ai.svc.cluster.local' ([Errno 11001] getaddrinfo failed)"))
2026-08-03 21:19:40,255 - httpx - INFO - [_client.py:1740] - HTTP Request: GET https://fukxrsqmulucvfvowcou.supabase.co/auth/v1/user "HTTP/1.1 200 OK"
2026-08-03 21:19:40,385 - httpx - INFO - [_client.py:1740] - HTTP Request: GET https://fukxrsqmulucvfvowcou.supabase.co/auth/v1/user "HTTP/1.1 200 OK"
2026-08-03 21:19:42,965 - opentelemetry.sdk.trace.export - ERROR - [__init__.py:369] - Exception while exporting Span batch.
Traceback (most recent call last):
  File "C:\Users\acer\Downloads\Resume-AI-1\backend\.venv\Lib\site-packages\urllib3\connection.py", line 204, in _new_conn
    sock = connection.create_connection(
           ^^^^^^^^^^^^^^^^^^^^^^^^^^^^^
  File "C:\Users\acer\Downloads\Resume-AI-1\backend\.venv\Lib\site-packages\urllib3\util\connection.py", line 60, in create_connection
    for res in socket.getaddrinfo(host, port, family, socket.SOCK_STREAM):
               ^^^^^^^^^^^^^^^^^^^^^^^^^^^^^^^^^^^^^^^^^^^^^^^^^^^^^^^^^^
  File "C:\Python312\Lib\socket.py", line 963, in getaddrinfo
    for res in _socket.getaddrinfo(host, port, family, type, proto, flags):
               ^^^^^^^^^^^^^^^^^^^^^^^^^^^^^^^^^^^^^^^^^^^^^^^^^^^^^^^^^^^
socket.gaierror: [Errno 11001] getaddrinfo failed

The above exception was the direct cause of the following exception:

Traceback (most recent call last):
  File "C:\Users\acer\Downloads\Resume-AI-1\backend\.venv\Lib\site-packages\urllib3\connectionpool.py", line 788, in urlopen
    response = self._make_request(
               ^^^^^^^^^^^^^^^^^^^
  File "C:\Users\acer\Downloads\Resume-AI-1\backend\.venv\Lib\site-packages\urllib3\connectionpool.py", line 493, in _make_request
    conn.request(
  File "C:\Users\acer\Downloads\Resume-AI-1\backend\.venv\Lib\site-packages\urllib3\connection.py", line 500, in request
    self.endheaders()
  File "C:\Python312\Lib\http\client.py", line 1314, in endheaders
    self._send_output(message_body, encode_chunked=encode_chunked)
  File "C:\Python312\Lib\http\client.py", line 1074, in _send_output
    self.send(msg)
  File "C:\Python312\Lib\http\client.py", line 1018, in send
    self.connect()
  File "C:\Users\acer\Downloads\Resume-AI-1\backend\.venv\Lib\site-packages\urllib3\connection.py", line 331, in connect
    self.sock = self._new_conn()
                ^^^^^^^^^^^^^^^^
  File "C:\Users\acer\Downloads\Resume-AI-1\backend\.venv\Lib\site-packages\urllib3\connection.py", line 211, in _new_conn
    raise NameResolutionError(self.host, self, e) from e
urllib3.exceptions.NameResolutionError: HTTPConnection(host='jaeger-service.resumatch-ai.svc.cluster.local', port=4318): Failed to resolve 'jaeger-service.resumatch-ai.svc.cluster.local' ([Errno 11001] getaddrinfo failed)

The above exception was the direct cause of the following exception:

Traceback (most recent call last):
  File "C:\Users\acer\Downloads\Resume-AI-1\backend\.venv\Lib\site-packages\requests\adapters.py", line 696, in send
    resp = conn.urlopen(
           ^^^^^^^^^^^^^
  File "C:\Users\acer\Downloads\Resume-AI-1\backend\.venv\Lib\site-packages\opentelemetry\instrumentation\urllib3\__init__.py", line 226, in instrumented_urlopen
    return wrapped(*args, **kwargs)
           ^^^^^^^^^^^^^^^^^^^^^^^^
  File "C:\Users\acer\Downloads\Resume-AI-1\backend\.venv\Lib\site-packages\urllib3\connectionpool.py", line 842, in urlopen
    retries = retries.increment(
              ^^^^^^^^^^^^^^^^^^
  File "C:\Users\acer\Downloads\Resume-AI-1\backend\.venv\Lib\site-packages\urllib3\util\retry.py", line 543, in increment
    raise MaxRetryError(_pool, url, reason) from reason  # type: ignore[arg-type]
    ^^^^^^^^^^^^^^^^^^^^^^^^^^^^^^^^^^^^^^^^^^^^^^^^^^^
urllib3.exceptions.MaxRetryError: HTTPConnectionPool(host='jaeger-service.resumatch-ai.svc.cluster.local', port=4318): Max retries exceeded with url: /v1/traces (Caused by NameResolutionError("HTTPConnection(host='jaeger-service.resumatch-ai.svc.cluster.local', port=4318): Failed to resolve 'jaeger-service.resumatch-ai.svc.cluster.local' ([Errno 11001] getaddrinfo failed)"))

During handling of the above exception, another exception occurred:

Traceback (most recent call last):
  File "C:\Users\acer\Downloads\Resume-AI-1\backend\.venv\Lib\site-packages\opentelemetry\sdk\trace\export\__init__.py", line 367, in _export_batch
    self.span_exporter.export(self.spans_list[:idx])  # type: ignore
    ^^^^^^^^^^^^^^^^^^^^^^^^^^^^^^^^^^^^^^^^^^^^^^^^
  File "C:\Users\acer\Downloads\Resume-AI-1\backend\.venv\Lib\site-packages\opentelemetry\exporter\otlp\proto\http\trace_exporter\__init__.py", line 169, in export
    return self._export_serialized_spans(serialized_data)
           ^^^^^^^^^^^^^^^^^^^^^^^^^^^^^^^^^^^^^^^^^^^^^^
  File "C:\Users\acer\Downloads\Resume-AI-1\backend\.venv\Lib\site-packages\opentelemetry\exporter\otlp\proto\http\trace_exporter\__init__.py", line 139, in _export_serialized_spans
    resp = self._export(serialized_data)
           ^^^^^^^^^^^^^^^^^^^^^^^^^^^^^
  File "C:\Users\acer\Downloads\Resume-AI-1\backend\.venv\Lib\site-packages\opentelemetry\exporter\otlp\proto\http\trace_exporter\__init__.py", line 114, in _export
    return self._session.post(
           ^^^^^^^^^^^^^^^^^^^
  File "C:\Users\acer\Downloads\Resume-AI-1\backend\.venv\Lib\site-packages\requests\sessions.py", line 712, in post
    return self.request("POST", url, data=data, json=json, **kwargs)
           ^^^^^^^^^^^^^^^^^^^^^^^^^^^^^^^^^^^^^^^^^^^^^^^^^^^^^^^^^
  File "C:\Users\acer\Downloads\Resume-AI-1\backend\.venv\Lib\site-packages\requests\sessions.py", line 651, in request
    resp = self.send(prep, **send_kwargs)
           ^^^^^^^^^^^^^^^^^^^^^^^^^^^^^^
  File "C:\Users\acer\Downloads\Resume-AI-1\backend\.venv\Lib\site-packages\opentelemetry\instrumentation\requests\__init__.py", line 152, in instrumented_send
    return wrapped_send(self, request, **kwargs)
           ^^^^^^^^^^^^^^^^^^^^^^^^^^^^^^^^^^^^^
  File "C:\Users\acer\Downloads\Resume-AI-1\backend\.venv\Lib\site-packages\requests\sessions.py", line 784, in send
    r = adapter.send(request, **kwargs)
        ^^^^^^^^^^^^^^^^^^^^^^^^^^^^^^^
  File "C:\Users\acer\Downloads\Resume-AI-1\backend\.venv\Lib\site-packages\requests\adapters.py", line 729, in send
    raise ConnectionError(e, request=request)
requests.exceptions.ConnectionError: HTTPConnectionPool(host='jaeger-service.resumatch-ai.svc.cluster.local', port=4318): Max retries exceeded with url: /v1/traces (Caused by NameResolutionError("HTTPConnection(host='jaeger-service.resumatch-ai.svc.cluster.local', port=4318): Failed to resolve 'jaeger-service.resumatch-ai.svc.cluster.local' ([Errno 11001] getaddrinfo failed)"))
2026-08-03 21:19:48,170 - httpx - INFO - [_client.py:1740] - HTTP Request: GET https://fukxrsqmulucvfvowcou.supabase.co/auth/v1/user "HTTP/1.1 200 OK"
2026-08-03 21:19:48,294 - httpx - INFO - [_client.py:1740] - HTTP Request: GET https://fukxrsqmulucvfvowcou.supabase.co/auth/v1/user "HTTP/1.1 200 OK"
2026-08-03 21:19:52,934 - opentelemetry.sdk.trace.export - ERROR - [__init__.py:369] - Exception while exporting Span batch.
Traceback (most recent call last):
  File "C:\Users\acer\Downloads\Resume-AI-1\backend\.venv\Lib\site-packages\urllib3\connection.py", line 204, in _new_conn
    sock = connection.create_connection(
           ^^^^^^^^^^^^^^^^^^^^^^^^^^^^^
  File "C:\Users\acer\Downloads\Resume-AI-1\backend\.venv\Lib\site-packages\urllib3\util\connection.py", line 60, in create_connection
    for res in socket.getaddrinfo(host, port, family, socket.SOCK_STREAM):
               ^^^^^^^^^^^^^^^^^^^^^^^^^^^^^^^^^^^^^^^^^^^^^^^^^^^^^^^^^^
  File "C:\Python312\Lib\socket.py", line 963, in getaddrinfo
    for res in _socket.getaddrinfo(host, port, family, type, proto, flags):
               ^^^^^^^^^^^^^^^^^^^^^^^^^^^^^^^^^^^^^^^^^^^^^^^^^^^^^^^^^^^
socket.gaierror: [Errno 11001] getaddrinfo failed

The above exception was the direct cause of the following exception:

Traceback (most recent call last):
  File "C:\Users\acer\Downloads\Resume-AI-1\backend\.venv\Lib\site-packages\urllib3\connectionpool.py", line 788, in urlopen
    response = self._make_request(
               ^^^^^^^^^^^^^^^^^^^
  File "C:\Users\acer\Downloads\Resume-AI-1\backend\.venv\Lib\site-packages\urllib3\connectionpool.py", line 493, in _make_request
    conn.request(
  File "C:\Users\acer\Downloads\Resume-AI-1\backend\.venv\Lib\site-packages\urllib3\connection.py", line 500, in request
    self.endheaders()
  File "C:\Python312\Lib\http\client.py", line 1314, in endheaders
    self._send_output(message_body, encode_chunked=encode_chunked)
  File "C:\Python312\Lib\http\client.py", line 1074, in _send_output
    self.send(msg)
  File "C:\Python312\Lib\http\client.py", line 1018, in send
    self.connect()
  File "C:\Users\acer\Downloads\Resume-AI-1\backend\.venv\Lib\site-packages\urllib3\connection.py", line 331, in connect
    self.sock = self._new_conn()
                ^^^^^^^^^^^^^^^^
  File "C:\Users\acer\Downloads\Resume-AI-1\backend\.venv\Lib\site-packages\urllib3\connection.py", line 211, in _new_conn
    raise NameResolutionError(self.host, self, e) from e
urllib3.exceptions.NameResolutionError: HTTPConnection(host='jaeger-service.resumatch-ai.svc.cluster.local', port=4318): Failed to resolve 'jaeger-service.resumatch-ai.svc.cluster.local' ([Errno 11001] getaddrinfo failed)

The above exception was the direct cause of the following exception:

Traceback (most recent call last):
  File "C:\Users\acer\Downloads\Resume-AI-1\backend\.venv\Lib\site-packages\requests\adapters.py", line 696, in send
    resp = conn.urlopen(
           ^^^^^^^^^^^^^
  File "C:\Users\acer\Downloads\Resume-AI-1\backend\.venv\Lib\site-packages\opentelemetry\instrumentation\urllib3\__init__.py", line 226, in instrumented_urlopen
    return wrapped(*args, **kwargs)
           ^^^^^^^^^^^^^^^^^^^^^^^^
  File "C:\Users\acer\Downloads\Resume-AI-1\backend\.venv\Lib\site-packages\urllib3\connectionpool.py", line 842, in urlopen
    retries = retries.increment(
              ^^^^^^^^^^^^^^^^^^
  File "C:\Users\acer\Downloads\Resume-AI-1\backend\.venv\Lib\site-packages\urllib3\util\retry.py", line 543, in increment
    raise MaxRetryError(_pool, url, reason) from reason  # type: ignore[arg-type]
    ^^^^^^^^^^^^^^^^^^^^^^^^^^^^^^^^^^^^^^^^^^^^^^^^^^^
urllib3.exceptions.MaxRetryError: HTTPConnectionPool(host='jaeger-service.resumatch-ai.svc.cluster.local', port=4318): Max retries exceeded with url: /v1/traces (Caused by NameResolutionError("HTTPConnection(host='jaeger-service.resumatch-ai.svc.cluster.local', port=4318): Failed to resolve 'jaeger-service.resumatch-ai.svc.cluster.local' ([Errno 11001] getaddrinfo failed)"))

During handling of the above exception, another exception occurred:

Traceback (most recent call last):
  File "C:\Users\acer\Downloads\Resume-AI-1\backend\.venv\Lib\site-packages\opentelemetry\sdk\trace\export\__init__.py", line 367, in _export_batch
    self.span_exporter.export(self.spans_list[:idx])  # type: ignore
    ^^^^^^^^^^^^^^^^^^^^^^^^^^^^^^^^^^^^^^^^^^^^^^^^
  File "C:\Users\acer\Downloads\Resume-AI-1\backend\.venv\Lib\site-packages\opentelemetry\exporter\otlp\proto\http\trace_exporter\__init__.py", line 169, in export
    return self._export_serialized_spans(serialized_data)
           ^^^^^^^^^^^^^^^^^^^^^^^^^^^^^^^^^^^^^^^^^^^^^^
  File "C:\Users\acer\Downloads\Resume-AI-1\backend\.venv\Lib\site-packages\opentelemetry\exporter\otlp\proto\http\trace_exporter\__init__.py", line 139, in _export_serialized_spans
    resp = self._export(serialized_data)
           ^^^^^^^^^^^^^^^^^^^^^^^^^^^^^
  File "C:\Users\acer\Downloads\Resume-AI-1\backend\.venv\Lib\site-packages\opentelemetry\exporter\otlp\proto\http\trace_exporter\__init__.py", line 114, in _export
    return self._session.post(
           ^^^^^^^^^^^^^^^^^^^
  File "C:\Users\acer\Downloads\Resume-AI-1\backend\.venv\Lib\site-packages\requests\sessions.py", line 712, in post
    return self.request("POST", url, data=data, json=json, **kwargs)
           ^^^^^^^^^^^^^^^^^^^^^^^^^^^^^^^^^^^^^^^^^^^^^^^^^^^^^^^^^
  File "C:\Users\acer\Downloads\Resume-AI-1\backend\.venv\Lib\site-packages\requests\sessions.py", line 651, in request
    resp = self.send(prep, **send_kwargs)
           ^^^^^^^^^^^^^^^^^^^^^^^^^^^^^^
  File "C:\Users\acer\Downloads\Resume-AI-1\backend\.venv\Lib\site-packages\opentelemetry\instrumentation\requests\__init__.py", line 152, in instrumented_send
    return wrapped_send(self, request, **kwargs)
           ^^^^^^^^^^^^^^^^^^^^^^^^^^^^^^^^^^^^^
  File "C:\Users\acer\Downloads\Resume-AI-1\backend\.venv\Lib\site-packages\requests\sessions.py", line 784, in send
    r = adapter.send(request, **kwargs)
        ^^^^^^^^^^^^^^^^^^^^^^^^^^^^^^^
  File "C:\Users\acer\Downloads\Resume-AI-1\backend\.venv\Lib\site-packages\requests\adapters.py", line 729, in send
    raise ConnectionError(e, request=request)
requests.exceptions.ConnectionError: HTTPConnectionPool(host='jaeger-service.resumatch-ai.svc.cluster.local', port=4318): Max retries exceeded with url: /v1/traces (Caused by NameResolutionError("HTTPConnection(host='jaeger-service.resumatch-ai.svc.cluster.local', port=4318): Failed to resolve 'jaeger-service.resumatch-ai.svc.cluster.local' ([Errno 11001] getaddrinfo failed)"))
2026-08-03 21:20:06,952 - httpx - INFO - [_client.py:1740] - HTTP Request: GET https://fukxrsqmulucvfvowcou.supabase.co/auth/v1/user "HTTP/1.1 200 OK"
2026-08-03 21:20:07,089 - httpx - INFO - [_client.py:1740] - HTTP Request: GET https://fukxrsqmulucvfvowcou.supabase.co/auth/v1/user "HTTP/1.1 200 OK"
2026-08-03 21:20:07,936 - opentelemetry.sdk.trace.export - ERROR - [__init__.py:369] - Exception while exporting Span batch.
Traceback (most recent call last):
  File "C:\Users\acer\Downloads\Resume-AI-1\backend\.venv\Lib\site-packages\urllib3\connection.py", line 204, in _new_conn
    sock = connection.create_connection(
           ^^^^^^^^^^^^^^^^^^^^^^^^^^^^^
  File "C:\Users\acer\Downloads\Resume-AI-1\backend\.venv\Lib\site-packages\urllib3\util\connection.py", line 60, in create_connection
    for res in socket.getaddrinfo(host, port, family, socket.SOCK_STREAM):
               ^^^^^^^^^^^^^^^^^^^^^^^^^^^^^^^^^^^^^^^^^^^^^^^^^^^^^^^^^^
  File "C:\Python312\Lib\socket.py", line 963, in getaddrinfo
    for res in _socket.getaddrinfo(host, port, family, type, proto, flags):
               ^^^^^^^^^^^^^^^^^^^^^^^^^^^^^^^^^^^^^^^^^^^^^^^^^^^^^^^^^^^
socket.gaierror: [Errno 11001] getaddrinfo failed

The above exception was the direct cause of the following exception:

Traceback (most recent call last):
  File "C:\Users\acer\Downloads\Resume-AI-1\backend\.venv\Lib\site-packages\urllib3\connectionpool.py", line 788, in urlopen
    response = self._make_request(
               ^^^^^^^^^^^^^^^^^^^
  File "C:\Users\acer\Downloads\Resume-AI-1\backend\.venv\Lib\site-packages\urllib3\connectionpool.py", line 493, in _make_request
    conn.request(
  File "C:\Users\acer\Downloads\Resume-AI-1\backend\.venv\Lib\site-packages\urllib3\connection.py", line 500, in request
    self.endheaders()
  File "C:\Python312\Lib\http\client.py", line 1314, in endheaders
    self._send_output(message_body, encode_chunked=encode_chunked)
  File "C:\Python312\Lib\http\client.py", line 1074, in _send_output
    self.send(msg)
  File "C:\Python312\Lib\http\client.py", line 1018, in send
    self.connect()
  File "C:\Users\acer\Downloads\Resume-AI-1\backend\.venv\Lib\site-packages\urllib3\connection.py", line 331, in connect
    self.sock = self._new_conn()
                ^^^^^^^^^^^^^^^^
  File "C:\Users\acer\Downloads\Resume-AI-1\backend\.venv\Lib\site-packages\urllib3\connection.py", line 211, in _new_conn
    raise NameResolutionError(self.host, self, e) from e
urllib3.exceptions.NameResolutionError: HTTPConnection(host='jaeger-service.resumatch-ai.svc.cluster.local', port=4318): Failed to resolve 'jaeger-service.resumatch-ai.svc.cluster.local' ([Errno 11001] getaddrinfo failed)

The above exception was the direct cause of the following exception:

Traceback (most recent call last):
  File "C:\Users\acer\Downloads\Resume-AI-1\backend\.venv\Lib\site-packages\requests\adapters.py", line 696, in send
    resp = conn.urlopen(
           ^^^^^^^^^^^^^
  File "C:\Users\acer\Downloads\Resume-AI-1\backend\.venv\Lib\site-packages\opentelemetry\instrumentation\urllib3\__init__.py", line 226, in instrumented_urlopen
    return wrapped(*args, **kwargs)
           ^^^^^^^^^^^^^^^^^^^^^^^^
  File "C:\Users\acer\Downloads\Resume-AI-1\backend\.venv\Lib\site-packages\urllib3\connectionpool.py", line 842, in urlopen
    retries = retries.increment(
              ^^^^^^^^^^^^^^^^^^
  File "C:\Users\acer\Downloads\Resume-AI-1\backend\.venv\Lib\site-packages\urllib3\util\retry.py", line 543, in increment
    raise MaxRetryError(_pool, url, reason) from reason  # type: ignore[arg-type]
    ^^^^^^^^^^^^^^^^^^^^^^^^^^^^^^^^^^^^^^^^^^^^^^^^^^^
urllib3.exceptions.MaxRetryError: HTTPConnectionPool(host='jaeger-service.resumatch-ai.svc.cluster.local', port=4318): Max retries exceeded with url: /v1/traces (Caused by NameResolutionError("HTTPConnection(host='jaeger-service.resumatch-ai.svc.cluster.local', port=4318): Failed to resolve 'jaeger-service.resumatch-ai.svc.cluster.local' ([Errno 11001] getaddrinfo failed)"))

During handling of the above exception, another exception occurred:

Traceback (most recent call last):
  File "C:\Users\acer\Downloads\Resume-AI-1\backend\.venv\Lib\site-packages\opentelemetry\sdk\trace\export\__init__.py", line 367, in _export_batch
    self.span_exporter.export(self.spans_list[:idx])  # type: ignore
    ^^^^^^^^^^^^^^^^^^^^^^^^^^^^^^^^^^^^^^^^^^^^^^^^
  File "C:\Users\acer\Downloads\Resume-AI-1\backend\.venv\Lib\site-packages\opentelemetry\exporter\otlp\proto\http\trace_exporter\__init__.py", line 169, in export
    return self._export_serialized_spans(serialized_data)
           ^^^^^^^^^^^^^^^^^^^^^^^^^^^^^^^^^^^^^^^^^^^^^^
  File "C:\Users\acer\Downloads\Resume-AI-1\backend\.venv\Lib\site-packages\opentelemetry\exporter\otlp\proto\http\trace_exporter\__init__.py", line 139, in _export_serialized_spans
    resp = self._export(serialized_data)
           ^^^^^^^^^^^^^^^^^^^^^^^^^^^^^
  File "C:\Users\acer\Downloads\Resume-AI-1\backend\.venv\Lib\site-packages\opentelemetry\exporter\otlp\proto\http\trace_exporter\__init__.py", line 114, in _export
    return self._session.post(
           ^^^^^^^^^^^^^^^^^^^
  File "C:\Users\acer\Downloads\Resume-AI-1\backend\.venv\Lib\site-packages\requests\sessions.py", line 712, in post
    return self.request("POST", url, data=data, json=json, **kwargs)
           ^^^^^^^^^^^^^^^^^^^^^^^^^^^^^^^^^^^^^^^^^^^^^^^^^^^^^^^^^
  File "C:\Users\acer\Downloads\Resume-AI-1\backend\.venv\Lib\site-packages\requests\sessions.py", line 651, in request
    resp = self.send(prep, **send_kwargs)
           ^^^^^^^^^^^^^^^^^^^^^^^^^^^^^^
  File "C:\Users\acer\Downloads\Resume-AI-1\backend\.venv\Lib\site-packages\opentelemetry\instrumentation\requests\__init__.py", line 152, in instrumented_send
    return wrapped_send(self, request, **kwargs)
           ^^^^^^^^^^^^^^^^^^^^^^^^^^^^^^^^^^^^^
  File "C:\Users\acer\Downloads\Resume-AI-1\backend\.venv\Lib\site-packages\requests\sessions.py", line 784, in send
    r = adapter.send(request, **kwargs)
        ^^^^^^^^^^^^^^^^^^^^^^^^^^^^^^^
  File "C:\Users\acer\Downloads\Resume-AI-1\backend\.venv\Lib\site-packages\requests\adapters.py", line 729, in send
    raise ConnectionError(e, request=request)
requests.exceptions.ConnectionError: HTTPConnectionPool(host='jaeger-service.resumatch-ai.svc.cluster.local', port=4318): Max retries exceeded with url: /v1/traces (Caused by NameResolutionError("HTTPConnection(host='jaeger-service.resumatch-ai.svc.cluster.local', port=4318): Failed to resolve 'jaeger-service.resumatch-ai.svc.cluster.local' ([Errno 11001] getaddrinfo failed)"))
2026-08-03 21:22:13,750 - httpx - INFO - [_client.py:1740] - HTTP Request: GET https://fukxrsqmulucvfvowcou.supabase.co/auth/v1/user "HTTP/1.1 200 OK"
2026-08-03 21:22:13,885 - httpx - INFO - [_client.py:1740] - HTTP Request: GET https://fukxrsqmulucvfvowcou.supabase.co/auth/v1/user "HTTP/1.1 200 OK"
2026-08-03 21:22:16,733 - httpx - INFO - [_client.py:1740] - HTTP Request: GET https://fukxrsqmulucvfvowcou.supabase.co/auth/v1/user "HTTP/1.1 200 OK"
2026-08-03 21:22:16,733 - httpx - INFO - [_client.py:1740] - HTTP Request: GET https://fukxrsqmulucvfvowcou.supabase.co/auth/v1/user "HTTP/1.1 200 OK"
2026-08-03 21:22:18,162 - opentelemetry.sdk.trace.export - ERROR - [__init__.py:369] - Exception while exporting Span batch.
Traceback (most recent call last):
  File "C:\Users\acer\Downloads\Resume-AI-1\backend\.venv\Lib\site-packages\urllib3\connection.py", line 204, in _new_conn
    sock = connection.create_connection(
           ^^^^^^^^^^^^^^^^^^^^^^^^^^^^^
  File "C:\Users\acer\Downloads\Resume-AI-1\backend\.venv\Lib\site-packages\urllib3\util\connection.py", line 60, in create_connection
    for res in socket.getaddrinfo(host, port, family, socket.SOCK_STREAM):
               ^^^^^^^^^^^^^^^^^^^^^^^^^^^^^^^^^^^^^^^^^^^^^^^^^^^^^^^^^^
  File "C:\Python312\Lib\socket.py", line 963, in getaddrinfo
    for res in _socket.getaddrinfo(host, port, family, type, proto, flags):
               ^^^^^^^^^^^^^^^^^^^^^^^^^^^^^^^^^^^^^^^^^^^^^^^^^^^^^^^^^^^
socket.gaierror: [Errno 11001] getaddrinfo failed

The above exception was the direct cause of the following exception:

Traceback (most recent call last):
  File "C:\Users\acer\Downloads\Resume-AI-1\backend\.venv\Lib\site-packages\urllib3\connectionpool.py", line 788, in urlopen
    response = self._make_request(
               ^^^^^^^^^^^^^^^^^^^
  File "C:\Users\acer\Downloads\Resume-AI-1\backend\.venv\Lib\site-packages\urllib3\connectionpool.py", line 493, in _make_request
    conn.request(
  File "C:\Users\acer\Downloads\Resume-AI-1\backend\.venv\Lib\site-packages\urllib3\connection.py", line 500, in request
    self.endheaders()
  File "C:\Python312\Lib\http\client.py", line 1314, in endheaders
    self._send_output(message_body, encode_chunked=encode_chunked)
  File "C:\Python312\Lib\http\client.py", line 1074, in _send_output
    self.send(msg)
  File "C:\Python312\Lib\http\client.py", line 1018, in send
    self.connect()
  File "C:\Users\acer\Downloads\Resume-AI-1\backend\.venv\Lib\site-packages\urllib3\connection.py", line 331, in connect
    self.sock = self._new_conn()
                ^^^^^^^^^^^^^^^^
  File "C:\Users\acer\Downloads\Resume-AI-1\backend\.venv\Lib\site-packages\urllib3\connection.py", line 211, in _new_conn
    raise NameResolutionError(self.host, self, e) from e
urllib3.exceptions.NameResolutionError: HTTPConnection(host='jaeger-service.resumatch-ai.svc.cluster.local', port=4318): Failed to resolve 'jaeger-service.resumatch-ai.svc.cluster.local' ([Errno 11001] getaddrinfo failed)

The above exception was the direct cause of the following exception:

Traceback (most recent call last):
  File "C:\Users\acer\Downloads\Resume-AI-1\backend\.venv\Lib\site-packages\requests\adapters.py", line 696, in send
    resp = conn.urlopen(
           ^^^^^^^^^^^^^
  File "C:\Users\acer\Downloads\Resume-AI-1\backend\.venv\Lib\site-packages\opentelemetry\instrumentation\urllib3\__init__.py", line 226, in instrumented_urlopen
    return wrapped(*args, **kwargs)
           ^^^^^^^^^^^^^^^^^^^^^^^^
  File "C:\Users\acer\Downloads\Resume-AI-1\backend\.venv\Lib\site-packages\urllib3\connectionpool.py", line 842, in urlopen
    retries = retries.increment(
              ^^^^^^^^^^^^^^^^^^
  File "C:\Users\acer\Downloads\Resume-AI-1\backend\.venv\Lib\site-packages\urllib3\util\retry.py", line 543, in increment
    raise MaxRetryError(_pool, url, reason) from reason  # type: ignore[arg-type]
    ^^^^^^^^^^^^^^^^^^^^^^^^^^^^^^^^^^^^^^^^^^^^^^^^^^^
urllib3.exceptions.MaxRetryError: HTTPConnectionPool(host='jaeger-service.resumatch-ai.svc.cluster.local', port=4318): Max retries exceeded with url: /v1/traces (Caused by NameResolutionError("HTTPConnection(host='jaeger-service.resumatch-ai.svc.cluster.local', port=4318): Failed to resolve 'jaeger-service.resumatch-ai.svc.cluster.local' ([Errno 11001] getaddrinfo failed)"))

During handling of the above exception, another exception occurred:

Traceback (most recent call last):
  File "C:\Users\acer\Downloads\Resume-AI-1\backend\.venv\Lib\site-packages\opentelemetry\sdk\trace\export\__init__.py", line 367, in _export_batch
    self.span_exporter.export(self.spans_list[:idx])  # type: ignore
    ^^^^^^^^^^^^^^^^^^^^^^^^^^^^^^^^^^^^^^^^^^^^^^^^
  File "C:\Users\acer\Downloads\Resume-AI-1\backend\.venv\Lib\site-packages\opentelemetry\exporter\otlp\proto\http\trace_exporter\__init__.py", line 169, in export
    return self._export_serialized_spans(serialized_data)
           ^^^^^^^^^^^^^^^^^^^^^^^^^^^^^^^^^^^^^^^^^^^^^^
  File "C:\Users\acer\Downloads\Resume-AI-1\backend\.venv\Lib\site-packages\opentelemetry\exporter\otlp\proto\http\trace_exporter\__init__.py", line 139, in _export_serialized_spans
    resp = self._export(serialized_data)
           ^^^^^^^^^^^^^^^^^^^^^^^^^^^^^
  File "C:\Users\acer\Downloads\Resume-AI-1\backend\.venv\Lib\site-packages\opentelemetry\exporter\otlp\proto\http\trace_exporter\__init__.py", line 114, in _export
    return self._session.post(
           ^^^^^^^^^^^^^^^^^^^
  File "C:\Users\acer\Downloads\Resume-AI-1\backend\.venv\Lib\site-packages\requests\sessions.py", line 712, in post
    return self.request("POST", url, data=data, json=json, **kwargs)
           ^^^^^^^^^^^^^^^^^^^^^^^^^^^^^^^^^^^^^^^^^^^^^^^^^^^^^^^^^
  File "C:\Users\acer\Downloads\Resume-AI-1\backend\.venv\Lib\site-packages\requests\sessions.py", line 651, in request
    resp = self.send(prep, **send_kwargs)
           ^^^^^^^^^^^^^^^^^^^^^^^^^^^^^^
  File "C:\Users\acer\Downloads\Resume-AI-1\backend\.venv\Lib\site-packages\opentelemetry\instrumentation\requests\__init__.py", line 152, in instrumented_send
    return wrapped_send(self, request, **kwargs)
           ^^^^^^^^^^^^^^^^^^^^^^^^^^^^^^^^^^^^^
  File "C:\Users\acer\Downloads\Resume-AI-1\backend\.venv\Lib\site-packages\requests\sessions.py", line 784, in send
    r = adapter.send(request, **kwargs)
        ^^^^^^^^^^^^^^^^^^^^^^^^^^^^^^^
  File "C:\Users\acer\Downloads\Resume-AI-1\backend\.venv\Lib\site-packages\requests\adapters.py", line 729, in send
    raise ConnectionError(e, request=request)
requests.exceptions.ConnectionError: HTTPConnectionPool(host='jaeger-service.resumatch-ai.svc.cluster.local', port=4318): Max retries exceeded with url: /v1/traces (Caused by NameResolutionError("HTTPConnection(host='jaeger-service.resumatch-ai.svc.cluster.local', port=4318): Failed to resolve 'jaeger-service.resumatch-ai.svc.cluster.local' ([Errno 11001] getaddrinfo failed)"))
